medicament,statut,domaine,date_maj,date_debut,date_remise,url
"Oracilline 250 000 UI/5 ml, suspension buvable – [benzathine phénoxyméthylpénicilline]",Rupture de stock,Infectiologie,,2026-06-25,,https://ansm.sante.fr/disponibilites-des-produits-de-sante/medicaments/oracilline-250-000-ui-5-ml-suspension-buvable-benzathine-phenoxymethylpenicilline
"Méthylprednisolone Hikma 500 mg, poudre pour solution injectable – [méthylprednisolone (hydrogénosuccinate sodique de)]",Tension d'approvisionnement,"Allergologie, Infectiologie, Neurologie",2026-07-08,2025-06-26,,https://ansm.sante.fr/disponibilites-des-produits-de-sante/medicaments/methylprednisolone-hikma-500-mg-poudre-pour-solution-injectable-methylprednisolone-hydrogenosuccinate-sodique-de
"Rifater, comprimé enrobé – [isoniazide, pyrazinamid, rifampicine]",Remise à disposition,Infectiologie,2026-07-07,2026-06-30,2026-06-30,https://ansm.sante.fr/disponibilites-des-produits-de-sante/medicaments/rifater-comprime-enrobe-isoniazide-pyrazinamid-rifampicine
"Miochole 20 mg, poudre et solvant pour solution intraoculaire – [chlorure d'acétylcholine]",Tension d'approvisionnement,Ophtalmologie,2026-07-07,2025-05-22,,https://ansm.sante.fr/disponibilites-des-produits-de-sante/medicaments/miochole-20-mg-poudre-et-solvant-pour-solution-intraoculaire-chlorure-dacetylcholine
"Micropakine L.P. 250 mg, granulés à libération prolongée en sachet-dose - [acide valproïque, sodium (valproate de)]",Remise à disposition,Neurologie,2026-07-07,2026-07-07,2026-07-07,https://ansm.sante.fr/disponibilites-des-produits-de-sante/medicaments/micropakine-l-p-250-mg-granules-a-liberation-prolongee-en-sachet-dose-acide-valproique-sodium-valproate-de
"Alepsal, comprimé – [caféine / phénobarbital]",Tension d'approvisionnement,Neurologie,2026-07-07,2026-01-02,,https://ansm.sante.fr/disponibilites-des-produits-de-sante/medicaments/alepsal-comprime-cafeine-phenobarbital
"Verkazia 1 mg/mL, collyre en émulsion – [ciclosporine]",Tension d'approvisionnement,Ophtalmologie,2026-07-07,2026-05-07,,https://ansm.sante.fr/disponibilites-des-produits-de-sante/medicaments/verkazia-1-mg-ml-collyre-en-emulsion-ciclosporine
Ambrisentan-Volibris tous dosages – [ambrisentan],Tension d'approvisionnement,Cardiologie,2026-07-07,2026-05-06,,https://ansm.sante.fr/disponibilites-des-produits-de-sante/medicaments/ambrisentan-volibris-tous-dosages-ambrisentan
"Micropakine L.P. 500 mg, granulés à libération prolongée en sachet-dose - [acide valproïque, sodium (valproate de)]",Tension d'approvisionnement,Neurologie,2026-07-07,2025-05-16,,https://ansm.sante.fr/disponibilites-des-produits-de-sante/medicaments/micropakine-l-p-500-mg-granules-a-liberation-prolongee-en-sachet-dose-acide-valproique-sodium-valproate-de
"Micropakine L.P. 1000 mg, granulés à libération prolongée en sachet-dose - [acide valproïque, sodium (valproate de)]",Remise à disposition,Neurologie,2026-07-07,2026-05-01,2026-05-01,https://ansm.sante.fr/disponibilites-des-produits-de-sante/medicaments/micropakine-l-p-1000-mg-granules-a-liberation-prolongee-en-sachet-dose-acide-valproique-sodium-valproate-de
"Fluorouracile Pfizer 50 mg/ml, solution à diluer pour perfusion - flacon de 100 ml – [fluorouracile]",Rupture de stock,Oncologie/Radiothérapie,,2023-11-08,,https://ansm.sante.fr/disponibilites-des-produits-de-sante/medicaments/fluorouracile-pfizer-50-mg-ml-solution-a-diluer-pour-perfusion-flacon-de-100-ml-fluorouracile
"Fluorouracile Pfizer 50 mg/ml, solution à diluer pour perfusion - flacon de 20 ml – [fluorouracile]",Remise à disposition,Oncologie/Radiothérapie,2026-07-06,2026-02-26,2026-02-26,https://ansm.sante.fr/disponibilites-des-produits-de-sante/medicaments/fluorouracile-pfizer-50-mg-ml-solution-a-diluer-pour-perfusion-flacon-de-20-ml-et-100-ml-fluorouracile
"Megace 160 mg, comprimé – [mégestrol (acétate de)]",Remise à disposition,Oncologie/Radiothérapie,2026-07-06,2026-07-03,2026-07-03,https://ansm.sante.fr/disponibilites-des-produits-de-sante/medicaments/megace-160-mg-comprime-megestrol-acetate-de
"Xarelto 1 mg/mL, granulés pour supension buvable, flacon de 100ml – [rivaroxaban]",Remise à disposition,Cardiologie,2026-07-06,2026-07-03,2026-07-03,https://ansm.sante.fr/disponibilites-des-produits-de-sante/medicaments/xarelto-1-mg-ml-granules-pour-supension-buvable-flacon-de-100ml-rivaroxaban
"Gluconate Glucoheptonate de Calcium AP-HP, solution à diluer pour perfusion – [gluconate glucoheptonate de calcium]",Remise à disposition,Hépato-gastroentérologie,2026-07-06,2026-07-06,2026-07-06,https://ansm.sante.fr/disponibilites-des-produits-de-sante/medicaments/gluconate-glucoheptonate-de-calcium-ap-hp-solution-a-diluer-pour-perfusion-gluconate-glucoheptonate-de-calcium
"Vinorelbine Arrow 10 mg/mL, solution à diluer pour perfusion – [vinorelbine (tartrate de)]",Rupture de stock,Oncologie/Radiothérapie,2026-07-06,2026-06-10,,https://ansm.sante.fr/disponibilites-des-produits-de-sante/medicaments/vinorelbine-arrow-10-mg-ml-solution-a-diluer-pour-perfusion-vinorelbine-tartrate-de
"Métoprolol Sandoz 50 mg, comprimé – [métoprolol (tartrate de)]",Tension d'approvisionnement,Cardiologie,,2026-06-17,,https://ansm.sante.fr/disponibilites-des-produits-de-sante/medicaments/metoprolol-sandoz-50-mg-comprime-metoprolol-tartrate-de
"Lamaline, suppositoire – [caféine, opium (extrait sec d'), paracétamol]",Remise à disposition,Traitement de la douleur,2026-07-03,2026-07-02,2026-07-02,https://ansm.sante.fr/disponibilites-des-produits-de-sante/medicaments/lamaline-suppositoire-cafeine-opium-extrait-sec-d-paracetamol
"Eskazole 400 mg, comprimé – [albendazole]",Tension d'approvisionnement,Infectiologie,2026-07-03,2025-10-20,,https://ansm.sante.fr/disponibilites-des-produits-de-sante/medicaments/eskazole-400-mg-comprime-albendazole
"Néosynéphrine 2,5 % Faure, collyre en solution en récipient unidose – [phényléphrine]",Tension d'approvisionnement,Ophtalmologie,,2026-05-13,,https://ansm.sante.fr/disponibilites-des-produits-de-sante/medicaments/neosynephrine-2-5-faure-collyre-en-solution-en-recipient-unidose-phenylephrine
Coli-genta AP-HP 135 mg – 100 mg gélule adulte – [colistine ; gentamicine],Rupture de stock,Infectiologie,2026-07-02,2026-02-06,,https://ansm.sante.fr/disponibilites-des-produits-de-sante/medicaments/coli-genta-ap-hp-135-mg-100-mg-gelule-adulte-colistine-gentamicine
"Gardénal 50 mg, comprimé – [phénobarbital]",Tension d'approvisionnement,Neurologie,2026-07-02,2026-04-14,,https://ansm.sante.fr/disponibilites-des-produits-de-sante/medicaments/gardenal-50-mg-comprime-phenobarbital
"Colchicine Opocalcium 1 mg, comprimé sécable – [colchicine, opium (poudre d'), tiémonium (métilsulfate de)]",Tension d'approvisionnement,"Néphrologie, Rhumatologie, Cardiologie",,2024-11-25,,https://ansm.sante.fr/disponibilites-des-produits-de-sante/medicaments/colchicine-opocalcium-1-mg-comprime-secable-colchicine-opium-poudre-d-tiemonium-metilsulfate-de
"Imbruvica 560 mg, comprimé pelliculé – [ibrutinib]",Rupture de stock,Oncologie/Radiothérapie,,2026-06-29,,https://ansm.sante.fr/disponibilites-des-produits-de-sante/medicaments/imbruvica-560-mg-comprime-pellicule-ibrutinib
"Célestène 4 mg/1 ml, solution injectable – [bétaméthasone (phosphate sodique de)]",Tension d'approvisionnement,"Dermatologie, ORL, Rhumatologie",,2026-06-01,,https://ansm.sante.fr/disponibilites-des-produits-de-sante/medicaments/celestene-4-mg-1-ml-solution-injectable-betamethasone-phosphate-sodique-de
"Lariam 250 mg, comprimé sécable – [méfloquine]",Rupture de stock,Infectiologie,,2026-06-25,,https://ansm.sante.fr/disponibilites-des-produits-de-sante/medicaments/lariam-250-mg-comprime-secable-mefloquine
"Zophren 2 mg/ml, solution injectable en ampoule (IV)  – [ondansétron]",Tension d'approvisionnement,Hépato-gastroentérologie,2026-06-26,2023-12-01,,https://ansm.sante.fr/disponibilites-des-produits-de-sante/medicaments/zophren-2-mg-ml-solution-injectable-en-ampoule-iv-ondansetron
"Repevax, suspension injectable en seringue préremplie. Vaccin diphtérique, tétanique, coquelucheux (acellulaire, multicomposé) et poliomyélitique (inactivé), (adsorbé, à teneur réduite en antigène(s))",Tension d'approvisionnement,Infectiologie,2026-06-25,2024-10-02,,https://ansm.sante.fr/disponibilites-des-produits-de-sante/medicaments/repevax-suspension-injectable-en-seringue-preremplie-vaccin-diphterique-tetanique-coquelucheux-acellulaire-multicompose-et-poliomyelitique-inactive-adsorbe-a-teneur-reduite-en-antigene-s-1
"Emend 125 mg, poudre pour suspension buvable – [aprépitant]",Tension d'approvisionnement,Hépato-gastroentérologie,2026-06-25,2026-01-09,,https://ansm.sante.fr/disponibilites-des-produits-de-sante/medicaments/emend-125-mg-poudre-pour-suspension-buvable-aprepitant
"Quasym L.P., gélule à libération modifiée - [méthylphénidate]",Tension d'approvisionnement,Psychiatrie,,2026-06-18,,https://ansm.sante.fr/disponibilites-des-produits-de-sante/medicaments/quasym-l-p-gelule-a-liberation-modifiee-methylphenidate-1
"Linézolide Arrow 600 mg, comprimé pelliculé – [linezolide]",Rupture de stock,Pneumologie,,2026-06-02,,https://ansm.sante.fr/disponibilites-des-produits-de-sante/medicaments/linezolide-arrow-600-mg-comprime-pellicule-linezolide
"Zypadhera 300 mg, poudre et solvant pour suspension injectable à libération prolongée - [olanzapine (pamoate d') monohydraté]",Remise à disposition,Psychiatrie,2026-06-24,2026-06-24,2026-06-24,https://ansm.sante.fr/disponibilites-des-produits-de-sante/medicaments/zypadhera-300-mg-poudre-et-solvant-pour-suspension-injectable-a-liberation-prolongee-olanzapine-pamoate-d-monohydrate
"Héparine calcique Panpharma 25 000 UI/mL, solution injectable en seringue pré-remplie de 0,2 ml  (S.C.) – [héparine calcique]",Tension d'approvisionnement,Cardiologie,2026-06-24,2026-03-05,,https://ansm.sante.fr/disponibilites-des-produits-de-sante/medicaments/heparine-calcique-panpharma-25-000-ui-ml-solution-injectable-en-seringue-pre-remplie-de-0-2-ml-s-c-heparine-calcique
"Atgam 50 mg/mL, solution à diluer pour perfusion – [immunoglobuline équine anti-lymphocyte T humain]",Tension d'approvisionnement,Immunologie,2026-06-24,2026-03-23,,https://ansm.sante.fr/disponibilites-des-produits-de-sante/medicaments/atgam-50-mg-ml-solution-a-diluer-pour-perfusion-immunoglobuline-equine-anti-lymphocyte-t-humain
"Synarel 0,2 mg/dose, solution pour pulvérisation nasale – [nafaréline (acétate de)]",Tension d'approvisionnement,Gynécologie,2026-06-24,2026-03-26,,https://ansm.sante.fr/disponibilites-des-produits-de-sante/medicaments/synarel-0-2-mg-dose-solution-pour-pulverisation-nasale-nafareline-acetate-de
"Zyvoxid 100 mg/5 ml, granulés pour suspension buvable – [linézolide]",Remise à disposition,Pneumologie,2026-06-24,2026-06-24,2026-06-24,https://ansm.sante.fr/disponibilites-des-produits-de-sante/medicaments/zyvoxid-100-mg-5-ml-granules-pour-suspension-buvable-linezolide
"Rifinah 300 mg/150 mg, comprimé enrobé – [isoniazide, rifampicine]",Tension d'approvisionnement,Infectiologie,2026-06-22,2025-09-23,,https://ansm.sante.fr/disponibilites-des-produits-de-sante/medicaments/rifinah-300-mg-150-mg-comprime-enrobe-isoniazide-rifampicine
"Rifadine 300 mg, gélule (boites de 8 et de 30 gélules) – [rifampicine]",Tension d'approvisionnement,Infectiologie,2026-06-22,2024-03-21,,https://ansm.sante.fr/disponibilites-des-produits-de-sante/medicaments/rifadine-300-mg-gelule-rifampicine
"Dilantin 250 mg/5 ml, solution injectable – [phénytoïne sodique]",Rupture de stock,Neurologie,2026-06-19,2025-10-01,,https://ansm.sante.fr/disponibilites-des-produits-de-sante/medicaments/dilantin-250-mg-5-ml-solution-injectable-phenytoine-sodique
"Cardioxane 500 mg, poudre pour solution pour perfusion – [dexrazoxane (chlorhydrate de)]",Remise à disposition,Oncologie/Radiothérapie,2026-06-19,2026-06-18,2026-06-18,https://ansm.sante.fr/disponibilites-des-produits-de-sante/medicaments/cardioxane-500-mg-poudre-pour-solution-pour-perfusion-dexrazoxane-chlorhydrate-de
"Voltarenophtabak 1 mg/ml, collyre en solution et Voltarenophta 0,1 pour cent (0,3 mg/0,3 ml), collyre en solution en récipient unidose – [diclofénac sodique]",Tension d'approvisionnement,Ophtalmologie,,2025-09-25,,https://ansm.sante.fr/disponibilites-des-produits-de-sante/medicaments/voltarenophtabak-1-mg-ml-collyre-en-solution-et-voltarenophta-0-1-pour-cent-0-3-mg-0-3-ml-collyre-en-solution-en-recipient-unidose-diclofenac-sodique
Trandolapril 2 mg et 4 mg – [trandolapril],Tension d'approvisionnement,Cardiologie,2026-06-18,2024-07-04,,https://ansm.sante.fr/disponibilites-des-produits-de-sante/medicaments/trandolapril-2-mg-et-4-mg-trandolapril
"Alkonatrem 150 mg, gélule – [chlorhydrate de déméclocycline]",Rupture de stock,"Hématologie, Oncologie/Radiothérapie",2026-06-17,2013-12-11,,https://ansm.sante.fr/disponibilites-des-produits-de-sante/medicaments/alkonatrem-150-mg-gelule-chlorhydrate-de-demeclocycline
"Méthylphénidate Viatris LP, comprimé à libération prolongée – [méthylphénidate (chlorhydrate de)]",Remise à disposition,Psychiatrie,2026-06-17,2026-06-16,2026-06-16,https://ansm.sante.fr/disponibilites-des-produits-de-sante/medicaments/methylphenidate-viatris-lp-comprime-a-liberation-prolongee-methylphenidate-chlorhydrate-de
"Téralithe 250 mg, comprimé sécable – [lithium (carbonate de)]",Tension d'approvisionnement,Psychiatrie,2026-06-17,2025-09-17,,https://ansm.sante.fr/disponibilites-des-produits-de-sante/medicaments/teralithe-250-mg-comprime-secable-lithium-carbonate-de
"Spécialités à base de propranolol 40 mg, comprimé – [chlorhydrate de propranolol]",Tension d'approvisionnement,Cardiologie,2026-06-17,2025-11-27,,https://ansm.sante.fr/disponibilites-des-produits-de-sante/medicaments/specialites-a-base-de-propranolol-40-mg-comprime-chlorhydrate-de-propranolol
"Befizal L.P. 400 mg, comprimé enrobé à libération prolongée – [bézafibrate]",Remise à disposition,Endocrinologie,2026-06-16,2026-06-16,2026-06-16,https://ansm.sante.fr/disponibilites-des-produits-de-sante/medicaments/befizal-l-p-400-mg-comprime-enrobe-a-liberation-prolongee-bezafibrate
"Rispéridone 0,5 mg, 1 mg, 2 mg et 4 mg, comprimé orodispersible - [rispéridone]",Tension d'approvisionnement,Psychiatrie,2026-06-16,2025-02-04,,https://ansm.sante.fr/disponibilites-des-produits-de-sante/medicaments/risperidone-0-5-mg-1-mg-2-mg-et-4-mg-comprime-orodispersible-risperidone
"Norcholesterol iodé [131I] CIS Bio International 7,5 à 15 MBq/mL solution injectable [Référence: Norchol-131] – [6-iodométhylnorcholestérol [131 I]]",Remise à disposition,"Imagerie/Radiologie, Médecine nucléaire",2026-06-16,2026-05-29,2026-05-29,https://ansm.sante.fr/disponibilites-des-produits-de-sante/medicaments/norcholesterol-iode-131i-cis-bio-international-7-5-a-15-mbq-ml-solution-injectable-reference-norchol-131-6-iodomethylnorcholesterol-131-i
"Dectancyl 0,5 mg, comprimé – [dexaméthasone (acétate de)]",Tension d'approvisionnement,"Dermatologie, Endocrinologie, Hématologie",,2026-06-05,,https://ansm.sante.fr/disponibilites-des-produits-de-sante/medicaments/dectancyl-0-5-mg-comprime-dexamethasone-acetate-de
"Chibroxine 0,3%, collyre en solution – [norfloxacine]",Tension d'approvisionnement,Ophtalmologie,,2026-06-10,,https://ansm.sante.fr/disponibilites-des-produits-de-sante/medicaments/chibroxine-0-3-collyre-en-solution-norfloxacine
"Azactam 1 g, poudre et solution pour usage parentéral – [aztréonam]",Rupture de stock,Infectiologie,2026-06-15,2024-04-04,,https://ansm.sante.fr/disponibilites-des-produits-de-sante/medicaments/azactam-1-g-poudre-et-solution-pour-usage-parenteral-aztreonam
"Ogivri 420 mg, poudre pour solution à diluer pour perfusion – [trastuzumab]",Remise à disposition,Oncologie/Radiothérapie,2026-06-15,2026-06-15,2026-06-15,https://ansm.sante.fr/disponibilites-des-produits-de-sante/medicaments/ogivri-420-mg-poudre-pour-solution-a-diluer-pour-perfusion-trastuzumab
"Bosentan 125 mg, comprimé pelliculé – [bosentan monohydraté]",Tension d'approvisionnement,Cardiologie,2026-06-15,2026-03-17,,https://ansm.sante.fr/disponibilites-des-produits-de-sante/medicaments/bosentan-125-mg-comprime-pellicule-bosentan-monohydrate
"Diprostene, suspension injectable en seringue pré-remplie – [bétaméthasone (dipropionate de), bétaméthasone (phosphate sodique de)]",Tension d'approvisionnement,"Dermatologie, ORL, Rhumatologie",2026-06-12,2026-04-22,,https://ansm.sante.fr/disponibilites-des-produits-de-sante/medicaments/diprostene-suspension-injectable-en-seringue-pre-remplie-betamethasone-dipropionate-de-betamethasone-phosphate-sodique-de
"Fluorouracile Accord 50 mg/ml, solution à diluer pour perfusion, flacons de 5 ml, 20 ml et 100 ml – [fluorouracile]",Remise à disposition,Oncologie/Radiothérapie,2026-06-11,2026-03-13,2026-03-13,https://ansm.sante.fr/disponibilites-des-produits-de-sante/medicaments/fluorouracile-accord-50-mg-ml-solution-a-diluer-pour-perfusion-flacons-de-5-ml-20-ml-et-100-ml-fluorouracile
"Holoxan 1000 mg, poudre pour solution injectable et 2000 mg, poudre pour usage parentéral – [ifosfamide]",Tension d'approvisionnement,"Hématologie, Oncologie/Radiothérapie",2026-06-11,2026-01-13,,https://ansm.sante.fr/disponibilites-des-produits-de-sante/medicaments/holoxan-1000-mg-poudre-pour-solution-injectable-et-2000-mg-poudre-pour-usage-parenteral-ifosfamide
"Kétoprofène Pharmy II 100 mg/2 ml, solution injectable intramusculaire (I.M.) – [kétoprofène]",Remise à disposition,"Rhumatologie, Traitement de la douleur",2026-06-11,2026-06-11,2026-06-11,https://ansm.sante.fr/disponibilites-des-produits-de-sante/medicaments/ketoprofene-pharmy-ii-100-mg-2-ml-solution-injectable-intramusculaire-i-m-ketoprofene
"Varivax, poudre et solvant pour suspension injectable en seringue préremplie. Vaccin varicelleux (vivant) – [virus de la varicelle souche Oka (vivant, atténué) ((mammifères/humain/cellules diploïdes MRC-5))]",Remise à disposition,Infectiologie,2026-06-11,2026-06-09,2026-06-09,https://ansm.sante.fr/disponibilites-des-produits-de-sante/medicaments/varivax-poudre-et-solvant-pour-suspension-injectable-en-seringue-preremplie-vaccin-varicelleux-vivant-virus-de-la-varicelle-souche-oka-vivant-attenue-mammiferes-humain-cellules-diploides-mrc-5
"Méthylphénidate EG LP 18 mg, comprimé à libération prolongée – [méthylphénidate (chlorhydrate de)]",Tension d'approvisionnement,Psychiatrie,2026-06-10,2025-11-12,,https://ansm.sante.fr/disponibilites-des-produits-de-sante/medicaments/methylphenidate-eg-lp-18-mg-et-36-mg-comprime-a-liberation-prolongee-methylphenidate-chlorhydrate-de
"Concerta LP 36 mg, comprimé à libération prolongée – [méthylphénidate (chlorhydrate de)]",Remise à disposition,Psychiatrie,2026-06-10,2026-06-10,2026-06-10,https://ansm.sante.fr/disponibilites-des-produits-de-sante/medicaments/concerta-lp-comprime-a-liberation-prolongee-methylphenidate-chlorhydrate-de
"Méthylphénidate EG LP 36 mg et 54 mg, comprimé à libération prolongée – [méthylphénidate (chlorhydrate de)]",Remise à disposition,Psychiatrie,2026-06-10,2026-06-10,2026-06-10,https://ansm.sante.fr/disponibilites-des-produits-de-sante/medicaments/methylphenidate-eg-lp-36-mg-et-54-mg-comprime-a-liberation-prolongee-methylphenidate-chlorhydrate-de
"Clomid 50 mg, comprimé – [clomifène (citrate de)]",Rupture de stock,Gynécologie,,2026-02-17,,https://ansm.sante.fr/disponibilites-des-produits-de-sante/medicaments/clomid-50-mg-comprime-clomifene-citrate-de
"Largactil 100 mg, comprimé pelliculé sécable – [chlorpromazine (chlorhydrate de)]",Tension d'approvisionnement,Psychiatrie,2026-06-09,2026-06-04,,https://ansm.sante.fr/disponibilites-des-produits-de-sante/medicaments/largactil-100-mg-comprime-pellicule-secable-chlorpromazine-chlorhydrate-de
Rispéridone 3 mg comprimé orodispersible – [rispéridone],Rupture de stock,Psychiatrie,2026-06-09,2025-09-24,,https://ansm.sante.fr/disponibilites-des-produits-de-sante/medicaments/risperidone-3-mg-comprime-orodispersible-risperidone
"Ropinirole EG 2 mg, comprimé pelliculé – [ropinirole (chlorhydrate de)]",Tension d'approvisionnement,Neurologie,,2026-05-13,,https://ansm.sante.fr/disponibilites-des-produits-de-sante/medicaments/ropinirole-eg-2-mg-comprime-pellicule-ropinirole-chlorhydrate-de
"Cynomel 0,025 mg, comprimé sécable – [liothyronine sodique]",Arrêt de commercialisation,Endocrinologie,2026-06-08,2025-10-31,,https://ansm.sante.fr/disponibilites-des-produits-de-sante/medicaments/cynomel-0-025-mg-comprime-secable-liothyronine-sodique
"Rovamycine 1,5 millions UI, lyophilisat pour usage parentéral – [spiramycine]",Remise à disposition,Infectiologie,2026-06-08,2026-06-08,2026-06-08,https://ansm.sante.fr/disponibilites-des-produits-de-sante/medicaments/rovamycine-1-5-millions-ui-lyophilisat-pour-usage-parenteral-spiramycine
"Ropinirole Teva 0,25 mg, 0,50 mg 1 mg et 2 mg, comprimés pelliculés – [ropinirole]",Tension d'approvisionnement,Neurologie,2026-06-05,2026-03-04,,https://ansm.sante.fr/disponibilites-des-produits-de-sante/medicaments/ropinirole-0-25-mg-0-5-mg-1-mg-2-mg-et-5mg-comprime-pellicule-ropinirole
"Emblaveo 1,5 g/0,5 g, poudre pour solution à diluer pour perfusion – [avibactam sodique, aztréonam]",Tension d'approvisionnement,Infectiologie,2026-06-05,2026-02-13,,https://ansm.sante.fr/disponibilites-des-produits-de-sante/medicaments/emblaveo-1-5-g-0-5-g-poudre-pour-solution-a-diluer-pour-perfusion-avibactam-sodique-aztreonam
"Levocarnil 1 g/5 ml, solution injectable en ampoule – [lévocarnitine]",Tension d'approvisionnement,Hépato-gastroentérologie,2026-06-05,2026-04-29,,https://ansm.sante.fr/disponibilites-des-produits-de-sante/medicaments/levocarnitine-1-g-5-ml-solution-injectable-en-ampoule-levocarnitine
"Primaquine Sanofi 15 mg, comprimé pelliculé, flacon de 100 comprimés avec kit de reconditionnement – [primaquine (diphosphate de)]",Rupture de stock,Infectiologie,,2026-05-29,,https://ansm.sante.fr/disponibilites-des-produits-de-sante/medicaments/primaquine-sanofi-15-mg-comprime-pellicule-flacon-de-100-comprimes-avec-kit-de-reconditionnement-primaquine-diphosphate-de
"Tarka LP 180 mg/2 mg, comprimé pelliculé à libération prolongée, boite de 30 comprimés et de 90 comprimés – [trandolapril/vérapamil (chlorhydrate de)]",Tension d'approvisionnement,Cardiologie,2026-06-04,2025-06-19,,https://ansm.sante.fr/disponibilites-des-produits-de-sante/medicaments/tarka-lp-180-mg-2-mg-comprime-pellicule-a-liberation-prolongee-boite-de-30-comprimes-et-de-90-comprimes-trandolapril-verapamil-chlorhydrate-de
"Tarka LP 240 mg/2 mg, comprimé pelliculé à libération prolongée, boite de 30 comprimés et de 90 comprimés – [trandolapril/vérapamil (chlorhydrate de)]",Tension d'approvisionnement,Cardiologie,2026-06-04,2025-03-19,,https://ansm.sante.fr/disponibilites-des-produits-de-sante/medicaments/tarka-lp-240-mg-2-mg-comprime-pellicule-a-liberation-prolongee-boite-de-90-comprimes-trandolapril-verapamil-chlorhydrate-de
"Tarka LP 240 mg/4 mg, comprimé pelliculé à libération prolongée, boite de 90 comprimés – [trandolapril/vérapamil (chlorhydrate de)]",Tension d'approvisionnement,Cardiologie,2026-06-04,2026-05-29,,https://ansm.sante.fr/disponibilites-des-produits-de-sante/medicaments/tarka-lp-240-mg-4-mg-comprime-pellicule-a-liberation-prolongee-boite-de-90-comprimes-trandolapril-verapamil-chlorhydrate-de
"Tarka LP 240 mg/4 mg, comprimé pelliculé à libération prolongée, boite de 30 comprimés – [trandolapril/vérapamil (chlorhydrate de)]",Tension d'approvisionnement,Cardiologie,2026-06-04,2026-01-30,,https://ansm.sante.fr/disponibilites-des-produits-de-sante/medicaments/tarka-lp-240-mg-4-mg-comprime-pellicule-a-liberation-prolongee-boite-de-30-comprimes-trandolapril-verapamil-chlorhydrate-de
"Tenormine 5 mg/10 ml, solution injectable IV en ampoule – [aténolol]",Rupture de stock,Cardiologie,2026-06-01,2026-04-14,,https://ansm.sante.fr/disponibilites-des-produits-de-sante/medicaments/tenormine-5-mg-10-ml-solution-injectable-iv-en-ampoule-atenolol
"Parlodel 2,5 mg, comprimé sécable – [bromocriptine (mésilate de)]",Remise à disposition,"Endocrinologie, Neurologie",2026-05-29,2026-05-29,2026-05-29,https://ansm.sante.fr/disponibilites-des-produits-de-sante/medicaments/parlodel-2-5-mg-comprime-secable-bromocriptine-mesilate-de
"Extencilline 1,2 MUI, poudre et solvant pour suspension injectable IM – [benzathine benzylpénicilline]",Remise à disposition,Infectiologie,2026-05-28,2026-05-04,2026-05-04,https://ansm.sante.fr/disponibilites-des-produits-de-sante/medicaments/extencilline-1-2-mui-poudre-et-solvant-pour-suspension-injectable-im-benzathine-benzylpenicilline
"Extencilline 2,4 MUI, poudre et solvant pour suspension injectable IM – [benzathine benzylpénicilline]",Remise à disposition,Infectiologie,2026-05-28,2026-05-04,2026-05-04,https://ansm.sante.fr/disponibilites-des-produits-de-sante/medicaments/extencilline-2-4-mui-poudre-et-solvant-pour-suspension-injectable-im-benzathine-benzylpenicilline
"Cimzia 200 mg, solution injectable en stylo prérempli – [certolizumab pégol]",Tension d'approvisionnement,Immunologie,,2026-05-11,,https://ansm.sante.fr/disponibilites-des-produits-de-sante/medicaments/cimzia-200-mg-solution-injectable-en-stylo-prerempli-certolizumab-pegol
"Synacthène 0,25 mg/1 ml, solution injectable – [tétracosactide]",Tension d'approvisionnement,"Endocrinologie, Neurologie",2026-05-27,2025-11-01,,https://ansm.sante.fr/disponibilites-des-produits-de-sante/medicaments/synacthene-0-25-mg-1-ml-solution-injectable-tetracosactide
"Zentel 400 mg, comprimé et Zentel 0,4 g/10 mL, suspension buvable – [albendazole]",Tension d'approvisionnement,Infectiologie,,2025-10-06,,https://ansm.sante.fr/disponibilites-des-produits-de-sante/medicaments/zentel-400-mg-comprime-et-zentel-0-4-g-10-ml-suspension-buvable-albendazole
"Betneval 0,1 %, crème – [bétaméthasone (valérate de)]",Tension d'approvisionnement,Dermatologie,2026-05-26,2026-04-03,,https://ansm.sante.fr/disponibilites-des-produits-de-sante/medicaments/betneval-0-1-creme-betamethasone-valerate-de
"Etopophos 100 mg, lyophilisat pour usage parentéral – [étoposide]",Remise à disposition,"Hématologie, Oncologie/Radiothérapie",2026-05-26,2026-05-26,2026-05-26,https://ansm.sante.fr/disponibilites-des-produits-de-sante/medicaments/etopophos-100-mg-lyophilisat-pour-usage-parenteral-etoposide
"Novorapid Pumpcart 100 unités/ml, solution injectable en cartouche – [insuline asparte ((levure/saccharomyces cerevisiae))]",Tension d'approvisionnement,Endocrinologie,2026-05-22,2025-06-20,,https://ansm.sante.fr/disponibilites-des-produits-de-sante/medicaments/novorapid-pumpcart-100-unites-ml-solution-injectable-en-cartouche-insuline-asparte-levure-saccharomyces-cerevisiae
"Izalgi 500 mg/25 mg, gélule – [opium (poudre d'), paracétamol]",Tension d'approvisionnement,Traitement de la douleur,2026-05-22,2025-10-01,,https://ansm.sante.fr/disponibilites-des-produits-de-sante/medicaments/izalgi-500-mg-25-mg-gelule-opium-poudre-d-paracetamol
"Mydriaticum 2 mg/0,4 ml, collyre en récipient unidose – [tropicamide]",Tension d'approvisionnement,Ophtalmologie,2026-05-22,2026-01-20,,https://ansm.sante.fr/disponibilites-des-produits-de-sante/medicaments/mydriaticum-2-mg-0-4-ml-collyre-en-recipient-unidose-tropicamide
"Levmentin 1 g/200 mg, poudre pour solution injectable/pour perfusion (IV) – [amoxicilline sodique, potassium (clavulanate de)]",Remise à disposition,Infectiologie,2026-05-22,2026-05-22,2026-05-22,https://ansm.sante.fr/disponibilites-des-produits-de-sante/medicaments/levmentin-1-g-200-mg-poudre-pour-solution-injectable-pour-perfusion-iv-amoxicilline-sodique-potassium-clavulanate-de
"Acide acétylsalicylique 75 mg, , comprimé gastro-résistant – [acide acétylsalicylique]",Tension d'approvisionnement,Cardiologie,,2026-05-18,,https://ansm.sante.fr/disponibilites-des-produits-de-sante/medicaments/acide-acetylsalicylique-75-mg-comprime-gastro-resistant-acide-acetylsalicylique
"Tranxène 20 mg/2 ml, lyophilisat et solution pour usage parentéral – [clorazépate dipotassique]",Rupture de stock,Psychiatrie,2026-05-21,2024-10-02,,https://ansm.sante.fr/disponibilites-des-produits-de-sante/medicaments/tranxene-20-mg-2-ml-lyophilisat-et-solution-pour-usage-parenteral-clorazepate-dipotassique
"Hydrocortisone Upjohn 100 mg, préparation injectable – [hydrocortisone (hydrogénosuccinate sodique d')]",Remise à disposition,Endocrinologie,2026-05-21,2026-05-21,2026-05-21,https://ansm.sante.fr/disponibilites-des-produits-de-sante/medicaments/hydrocortisone-upjohn-100-mg-preparation-injectable-hydrocortisone-hydrogenosuccinate-sodique-d
"Depo Prodasone 500 mg, suspension injectable – [médroxyprogestérone]",Tension d'approvisionnement,Oncologie/Radiothérapie,2026-05-20,2025-08-08,,https://ansm.sante.fr/disponibilites-des-produits-de-sante/medicaments/depo-prodasone-500-mg-suspension-injectable-medroxyprogesterone
"Tétracaïne 1% Théa, collyre en solution en récipient unidose – [chlorhydrate de tétracaïne]",Rupture de stock,Ophtalmologie,2026-05-20,2025-10-22,,https://ansm.sante.fr/disponibilites-des-produits-de-sante/medicaments/tetracaine-1-thea-collyre-en-solution-en-recipient-unidose-chlorhydrate-de-tetracaine
"Norfloxacine EG 400 mg, comprimé pelliculé – [norfloxacine]",Remise à disposition,Infectiologie,2026-05-20,2026-05-20,2026-05-20,https://ansm.sante.fr/disponibilites-des-produits-de-sante/medicaments/norfloxacine-eg-400-mg-comprime-pellicule-norfloxacine
"Endoxan 50 mg, comprimé enrobé – [cyclophosphamide]",Tension d'approvisionnement,"Oncologie/Radiothérapie, Rhumatologie",2026-05-19,2025-07-07,,https://ansm.sante.fr/disponibilites-des-produits-de-sante/medicaments/endoxan-50-mg-comprime-enrobe-cyclophosphamide
"Vancomycine Viatris 125 mg, poudre pour solution à diluer pour perfusion-vancomycine – [chlorhydrate de]",Remise à disposition,Infectiologie,2026-05-19,2026-05-07,2026-05-07,https://ansm.sante.fr/disponibilites-des-produits-de-sante/medicaments/vancomycine-viatris-125-mg-poudre-pour-solution-a-diluer-pour-perfusion-vancomycine-chlorhydrate-de
"Fiasp Pumpcart 100 unités/ml, solution injectable en cartouche – [insuline asparte (levure/saccharomyces cerevisiae)]",Remise à disposition,Endocrinologie,2026-05-18,2026-05-15,2026-05-15,https://ansm.sante.fr/disponibilites-des-produits-de-sante/medicaments/fiasp-pumpcart-100-unites-ml-solution-injectable-en-cartouche-insuline-asparte-levure-saccharomyces-cerevisiae
"Fiasp Flextouch 100 unités/ml, solution injectable en stylo prérempli – [insuline asparte ((levure/saccharomyces cerevisiae))]",Remise à disposition,Endocrinologie,2026-05-18,2026-05-15,2026-05-15,https://ansm.sante.fr/disponibilites-des-produits-de-sante/medicaments/fiasp-flextouch-100-unites-ml-solution-injectable-en-stylo-prerempli-insuline-asparte-levure-saccharomyces-cerevisiae
"Persantine 10 mg/2 mL, solution injectable, ampoule – [dipyridamole]",Remise à disposition,"Imagerie/Radiologie, Cardiologie, Médecine nucléaire",2026-05-18,2026-05-18,2026-05-18,https://ansm.sante.fr/disponibilites-des-produits-de-sante/medicaments/persantine-10-mg-2-ml-solution-injectable-ampoule-dipyridamole
"Néosynéphrine 10 % Faure, collyre en récipient unidose – [phényléphrine]",Rupture de stock,Ophtalmologie,2026-05-18,2025-10-13,,https://ansm.sante.fr/disponibilites-des-produits-de-sante/medicaments/neosynephrine-10-faure-collyre-en-recipient-unidose-phenylephrine
"Kenacort Retard 40 mg/1 ml, suspension injectable – [triamcinolone (acétonide de)]",Tension d'approvisionnement,"Dermatologie, Rhumatologie",2026-05-18,2026-02-17,,https://ansm.sante.fr/disponibilites-des-produits-de-sante/medicaments/kenacort-retard-40-mg-1-ml-suspension-injectable-triamcinolone-acetonide-de
"Toujeo 300 unités/ml DoubleStar, solution injectable en stylo prérempli – [insuline glargine ((bactérie/Escherichia Coli))]",Remise à disposition,Endocrinologie,2026-05-18,2026-05-15,2026-05-15,https://ansm.sante.fr/disponibilites-des-produits-de-sante/medicaments/toujeo-300-unites-ml-doublestar-solution-injectable-en-stylo-prerempli-insuline-glargine-bacterie-escherichia-coli
"Mitomycine Accord 20 mg, poudre pour solution injectable / perfusion ou voie intravésicale – [mitomycine]",Tension d'approvisionnement,Oncologie/Radiothérapie,2026-05-13,2025-05-31,,https://ansm.sante.fr/disponibilites-des-produits-de-sante/medicaments/mitomycine-accord-20-mg-poudre-pour-solution-injectable-perfusion-ou-voie-intravesicale-mitomycine
"Un-Alfa 0,10 microgramme, solution buvable en gouttes – [alfacalcidol]",Remise à disposition,"Endocrinologie, Néphrologie",2026-05-13,2025-11-19,2025-11-19,https://ansm.sante.fr/disponibilites-des-produits-de-sante/medicaments/un-alfa-0-10-microgramme-solution-buvable-en-gouttes-alfacalcidol
"Cyanokit 5 g, poudre pour solution pour perfusion – [hydroxocobalamine]",Remise à disposition,Anesthésie/Réanimation/Soins intensifs,2026-05-12,2026-05-12,2026-05-12,https://ansm.sante.fr/disponibilites-des-produits-de-sante/medicaments/cyanokit-5-g-poudre-pour-solution-pour-perfusion-hydroxocobalamine
"Dexocol 1 mg/mL, collyre en solution – [dexaméthasone (phosphate sodique de)]",Tension d'approvisionnement,Ophtalmologie,2026-05-12,2025-03-05,,https://ansm.sante.fr/disponibilites-des-produits-de-sante/medicaments/dexocol-1-mg-ml-collyre-en-solution-dexamethasone-phosphate-sodique-de
"Concerta LP 18 mg, comprimé à libération prolongée – [méthylphénidate (chlorhydrate de)]",Remise à disposition,Psychiatrie,2026-05-12,2026-05-12,2026-05-12,https://ansm.sante.fr/disponibilites-des-produits-de-sante/medicaments/concerta-lp-18-mg-comprime-a-liberation-prolongee-methylphenidate-chlorhydrate-de
"Oncovin 1 mg, solution injectable – [vincristine (sulfate de)]",Remise à disposition,Oncologie/Radiothérapie,2026-05-11,2026-02-20,2026-02-20,https://ansm.sante.fr/disponibilites-des-produits-de-sante/medicaments/oncovin-1-mg-solution-injectable-vincristine-sulfate-de
"Victan 2 mg, comprimé pelliculé sécable – [loflazépate d'éthyle]",Rupture de stock,"Addictologie, Neurologie",2026-05-11,2026-01-26,,https://ansm.sante.fr/disponibilites-des-produits-de-sante/medicaments/victan-2-mg-comprime-pellicule-secable-loflazepate-dethyle
"Lonquex 6 mg/0,6 mL, solution injectable – [lipegfilgrastim ((bacterie/escherichia coli))]",Tension d'approvisionnement,Oncologie/Radiothérapie,,2026-03-11,,https://ansm.sante.fr/disponibilites-des-produits-de-sante/medicaments/lonquex-6-mg-0-6-ml-solution-injectable-lipegfilgrastim-bacterie-escherichia-coli
"Concerta LP 54 mg, comprimé à libération prolongée – [méthylphénidate (chlorhydrate de)]",Remise à disposition,Psychiatrie,2026-05-07,2026-05-05,2026-05-05,https://ansm.sante.fr/disponibilites-des-produits-de-sante/medicaments/concerta-lp-54-mg-comprime-a-liberation-prolongee-methylphenidate-chlorhydrate-de
"Ritonavir Arrow 100 mg, comprimé pelliculé – [ritonavir]",Rupture de stock,Infectiologie,2026-05-07,2026-05-06,,https://ansm.sante.fr/disponibilites-des-produits-de-sante/medicaments/ritonavir-arrow-100-mg-comprime-pellicule-ritonavir
"Biltricide 600 mg, comprimé pelliculé quadrisécable – [praziquantel]",Rupture de stock,Infectiologie,2026-05-06,2024-09-09,,https://ansm.sante.fr/disponibilites-des-produits-de-sante/medicaments/biltricide-600-mg-comprime-pellicule-quadrisecable-praziquantel
"Omjjara 100 mg, comprimé pelliculé – [momélotinib (dichlorhydrate de)]",Remise à disposition,Hématologie,2026-05-06,2026-05-06,2026-05-06,https://ansm.sante.fr/disponibilites-des-produits-de-sante/medicaments/omjjara-100-mg-comprime-pellicule-momelotinib-dichlorhydrate-de
"Tegretol 20 mg/ml, suspension buvable – [carbamazépine]",Remise à disposition,Neurologie,2026-05-06,2026-05-06,2026-05-06,https://ansm.sante.fr/disponibilites-des-produits-de-sante/medicaments/tegretol-20-mg-ml-suspension-buvable-carbamazepine
"Ipratropium Teva 0,5 mg/2 ml adultes, solution pour inhalation par nébuliseur en récipient unidose – [ipratropium (bromure d')",Remise à disposition,Pneumologie,2026-05-05,2026-03-24,2026-03-24,https://ansm.sante.fr/disponibilites-des-produits-de-sante/medicaments/ipratropium-teva-0-5-mg-2-ml-adultes-solution-pour-inhalation-par-nebuliseur-en-recipient-unidose-ipratropium-bromure-d
"Maginjectable 0,8 pour cent, solution injectable – [magnésium (pidolate de)]",Remise à disposition,Hépato-gastroentérologie,2026-05-05,2026-01-19,2026-01-19,https://ansm.sante.fr/disponibilites-des-produits-de-sante/medicaments/maginjectable-0-8-pour-cent-solution-injectable-magnesium-pidolate-de
"Repatha 140 mg, solution injectable en stylo prérempli – [evolocumab (mammifère/hamster/cellules cho)]",Remise à disposition,"Endocrinologie, Neurologie, Cardiologie",2026-05-05,2026-02-26,2026-02-26,https://ansm.sante.fr/disponibilites-des-produits-de-sante/medicaments/repatha-140-mg-solution-injectable-en-stylo-prerempli-evolocumab-mammifere-hamster-cellules-cho
"Sibnayal 8 mEq, granulés à libération prolongée – [potassium (bicarbonate de) /potassium (citrate de)]",Remise à disposition,Néphrologie,2026-05-05,2026-04-01,2026-04-01,https://ansm.sante.fr/disponibilites-des-produits-de-sante/medicaments/sibnayal-8-meq-granules-a-liberation-prolongee-potassium-bicarbonate-de-potassium-citrate-de
"Fluvoxamine 100 mg, comprimé pelliculé sécable – [fluvoxamine (maléate de)]",Remise à disposition,Psychiatrie,2026-05-05,2026-04-14,2026-04-14,https://ansm.sante.fr/disponibilites-des-produits-de-sante/medicaments/fluvoxamine-100-mg-comprime-pellicule-secable-fluvoxamine-maleate-de
"Varilrix, poudre et solvant pour solution injectable en seringue préremplie. Vaccin varicelleux (vivant) – [virus de la varicelle souche Oka (vivant, atténué) ((mammifères/humain/cellules diploïdes MRC-5))]",Tension d'approvisionnement,Infectiologie,2026-05-05,2026-03-26,,https://ansm.sante.fr/disponibilites-des-produits-de-sante/medicaments/varilrix-poudre-et-solvant-pour-solution-injectable-en-seringue-preremplie-vaccin-varicelleux-vivant-virus-de-la-varicelle-souche-oka-vivant-attenue-mammiferes-humain-cellules-diploides-mrc-5
"Burinex 1 mg et 5 mg, comprimé – [bumétanide]",Tension d'approvisionnement,"Néphrologie, Cardiologie",,2026-04-16,,https://ansm.sante.fr/disponibilites-des-produits-de-sante/medicaments/burinex-1-mg-et-5-mg-comprime-bumetanide
"Dobutamine Panpharma 250 mg/20 ml, solution à diluer pour perfusion – [dobutamine (chlorhydrate de)]",Tension d'approvisionnement,Cardiologie,,2026-04-03,,https://ansm.sante.fr/disponibilites-des-produits-de-sante/medicaments/dobutamine-panpharma-250-mg-20-ml-solution-a-diluer-pour-perfusion-dobutamine-chlorhydrate-de
"Pylera 140 mg/125 mg/125 mg, gélule – [bismuth potassique (sous-citrate de) /métronidazole /tétracycline (chlorhydrate de)]",Remise à disposition,Infectiologie,2026-05-04,2025-11-01,2025-11-01,https://ansm.sante.fr/disponibilites-des-produits-de-sante/medicaments/pylera-140-mg-125-mg-125-mg-gelule-bismuth-potassique-sous-citrate-de-metronidazole-tetracycline-chlorhydrate-de
"Imukin 2 X 10⁶ UI (0,1 mg), solution injectable – [interféron gamma-1b]",Remise à disposition,Infectiologie,2026-05-04,2026-05-04,2026-05-04,https://ansm.sante.fr/disponibilites-des-produits-de-sante/medicaments/imukin-2-x-106-ui-0-1-mg-solution-injectable-interferon-gamma-1b
"Cardiorythmine 50 mg/10 ml, solution injectable – [ajmaline]",Arrêt de commercialisation,Cardiologie,2026-05-04,2011-11-17,,https://ansm.sante.fr/disponibilites-des-produits-de-sante/medicaments/cardiorythmine-50-mg-10-ml-solution-injectable-ajmaline
"Chlorhydrate d'oxybuprocaïne Thea 1,6 mg/0,4 ml, collyre en récipient unidose – Boites de 20 unidoses et boites de 100 unidoses – [chlorhydrate d'oxybuprocaïne]",Tension d'approvisionnement,Ophtalmologie,2026-04-30,2025-12-23,,https://ansm.sante.fr/disponibilites-des-produits-de-sante/medicaments/chlorhydrate-doxybuprocaine-thea-1-6-mg-0-4-ml-collyre-en-recipient-unidose-boites-de-20-unidoses-et-boites-de-100-unidoses-chlorhydrate-doxybuprocaine
"Digidot 80mg, poudre pour solution pour perfusion (Digifab importation) – [Fragment Fab d’immunoglobuline antidigitalique ovin]",Arrêt de commercialisation,Cardiologie,2026-04-28,2011-04-11,,https://ansm.sante.fr/disponibilites-des-produits-de-sante/medicaments/digidot-80mg-poudre-pour-solution-pour-perfusion-digifab-importation-fragment-fab-dimmunoglobuline-antidigitalique-ovin
"Imogam Rage 150 UI/mL, solution injectable – [Immunoglobuline humaine rabique]",Arrêt de commercialisation,Infectiologie,2026-04-28,2022-12-31,,https://ansm.sante.fr/disponibilites-des-produits-de-sante/medicaments/imogam-rage-150-ui-ml-solution-injectable-immunoglobuline-humaine-rabique
"Lyrica 20 mg/ml, solution buvable – [prégabaline]",Remise à disposition,"Psychiatrie, Neurologie",2026-04-27,2026-04-27,2026-04-27,https://ansm.sante.fr/disponibilites-des-produits-de-sante/medicaments/lyrica-20-mg-ml-solution-buvable-pregabaline
"Dopamine Viatris 40 mg/ml, solution pour perfusion – [dopamine (chlorhydrate de)]",Remise à disposition,Cardiologie,2026-04-27,2026-04-24,2026-04-24,https://ansm.sante.fr/disponibilites-des-produits-de-sante/medicaments/dopamine-viatris-40-mg-ml-solution-pour-perfusion-dopamine-chlorhydrate-de
"Tibéral 1 g, solution injectable pour perfusion – [ornidazole]",Rupture de stock,Infectiologie,2026-04-27,2025-11-05,,https://ansm.sante.fr/disponibilites-des-produits-de-sante/medicaments/tiberal-1-g-solution-injectable-pour-perfusion-ornidazole
"Mitomycine Accord 10 mg, poudre pour solution injectable / perfusion ou voie intravésicale – [mitomycine]",Rupture de stock,Oncologie/Radiothérapie,2026-04-24,2026-04-24,,https://ansm.sante.fr/disponibilites-des-produits-de-sante/medicaments/mitomycine-accord-10-mg-poudre-pour-solution-injectable-perfusion-ou-voie-intravesicale-mitomycine
"Bendamustine Hikma 2,5 mg/ml, poudre pour solution à diluer pour perfusion – [bendamustine (chlorhydrate de) monohydraté]",Remise à disposition,Oncologie/Radiothérapie,2026-04-23,2026-04-23,2026-04-23,https://ansm.sante.fr/disponibilites-des-produits-de-sante/medicaments/bendamustine-hikma-2-5-mg-ml-poudre-pour-solution-a-diluer-pour-perfusion-bendamustine-chlorhydrate-de-monohydrate
"Protexel 50 UI/mL, poudre et solvant pour solution injectable – [protéine C humaine]",Remise à disposition,Hématologie,2026-04-22,2026-04-22,2026-04-22,https://ansm.sante.fr/disponibilites-des-produits-de-sante/medicaments/protexel-50-ui-ml-poudre-et-solvant-pour-solution-injectable-proteine-c-humaine
"Nitrendipine Viatris 10 mg, comprimé et Nitrendipine Viatris 20 mg, comprimé sécable - [nitrendipine]",Tension d'approvisionnement,Cardiologie,,2026-03-16,,https://ansm.sante.fr/disponibilites-des-produits-de-sante/medicaments/nitrendipine-viatris-10-mg-comprime-et-nitrendipine-viatris-20-mg-comprime-secable-nitrendipine
"Zypadhera 405 mg, poudre et solvant pour suspension injectable à libération prolongée – [olanzapine (pamoate d') monohydraté]",Remise à disposition,Psychiatrie,,2026-04-21,2026-04-21,https://ansm.sante.fr/disponibilites-des-produits-de-sante/medicaments/zypadhera-405-mg-poudre-et-solvant-pour-suspension-injectable-a-liberation-prolongee-olanzapine-pamoate-d-monohydrate
"Zypadhera 210 mg, poudre et solvant pour suspension injectable à libération prolongée – [olanzapine (pamoate d') monohydraté]",Remise à disposition,Psychiatrie,,2026-04-21,2026-04-21,https://ansm.sante.fr/disponibilites-des-produits-de-sante/medicaments/zypadhera-210-mg-poudre-et-solvant-pour-suspension-injectable-a-liberation-prolongee-olanzapine-pamoate-d-monohydrate
"Visudyne 15 mg, poudre pour solution pour perfusion – [vertéporfine]",Tension d'approvisionnement,Ophtalmologie,2026-04-21,2023-12-20,,https://ansm.sante.fr/disponibilites-des-produits-de-sante/medicaments/visudyne-15-mg-poudre-pour-solution-pour-perfusion-verteporfine
"Ogivri 150 mg, poudre pour solution à diluer pour perfusion – [trastuzumab]",Remise à disposition,Oncologie/Radiothérapie,2026-04-17,2026-04-17,2026-04-17,https://ansm.sante.fr/disponibilites-des-produits-de-sante/medicaments/ogivri-150-mg-poudre-pour-solution-a-diluer-pour-perfusion-trastuzumab
"Tofranil 10 mg, comprimé enrobé – [imipramine]",Rupture de stock,Psychiatrie,2026-04-15,2022-07-31,,https://ansm.sante.fr/disponibilites-des-produits-de-sante/medicaments/tofranil-10-mg-comprime-enrobe-imipramine
"Claventin 3g/200 mg et 5g/200 mg, poudre pour solution injectable (I.V.) – [ticarcilline (sodique), acide clavulanique ]",Rupture de stock,Infectiologie,2026-04-14,2014-08-01,,https://ansm.sante.fr/disponibilites-des-produits-de-sante/medicaments/claventin-3g-200-mg-et-5g-200-mg-poudre-pour-solution-injectable-i-v-ticarcilline-sodique-acide-clavulanique
"Téralithe LP 400 mg, comprimé sécable à libération prolongée – [lithium (carbonate de)]",Remise à disposition,Psychiatrie,2026-04-14,2026-04-08,2026-04-08,https://ansm.sante.fr/disponibilites-des-produits-de-sante/medicaments/teralithe-lp-400-mg-comprime-secable-a-liberation-prolongee-lithium-carbonate-de
"Spécialités à base de Venlafaxine LP 37,5 mg et LP 75 mg en gélule à libération prolongée – [venlafaxine]",Tension d'approvisionnement,Psychiatrie,2026-04-13,2025-03-20,,https://ansm.sante.fr/disponibilites-des-produits-de-sante/medicaments/specialites-a-base-de-venlafaxine-lp-37-5-mg-et-lp-75-mg-en-gelule-a-liberation-prolongee-venlafaxine
"Clomipramine Viatris 25 mg, comprimé pelliculé – [clomipramine (chlorhydrate de)]",Tension d'approvisionnement,Psychiatrie,2026-04-10,2025-07-04,,https://ansm.sante.fr/disponibilites-des-produits-de-sante/medicaments/clomipramine-viatris-25-mg-comprime-pellicule-clomipramine-chlorhydrate-de
"Parlodel 5 mg et 10 mg, gélule – [bromocriptine (mésilate de)]",Remise à disposition,"Endocrinologie, Neurologie",2026-04-10,2026-04-10,2026-04-10,https://ansm.sante.fr/disponibilites-des-produits-de-sante/medicaments/parlodel-5-mg-et-10-mg-gelule-bromocriptine-mesilate-de
"Scopoderm TTS 1 mg/72 heures, dispositif transdermique – [scopolamine]",Remise à disposition,ORL,2026-04-09,2026-04-01,2026-04-01,https://ansm.sante.fr/disponibilites-des-produits-de-sante/medicaments/scopoderm-tts-1-mg-72-heures-dispositif-transdermique-scopolamine
"Paclitaxel AHCL 6 mg/ml, solution à diluer pour perfusion - flacons de 50 ml et 100 ml – [paclitaxel]",Tension d'approvisionnement,Oncologie/Radiothérapie,2026-04-09,2023-09-07,,https://ansm.sante.fr/disponibilites-des-produits-de-sante/medicaments/paclitaxel-ahcl-6-mg-ml-solution-a-diluer-pour-perfusion-flacons-de-50-ml-et-100-ml-paclitaxel
"Endoxan 500 et 1000 mg, poudre pour solution injectable – [cyclophosphamide]",Tension d'approvisionnement,Oncologie/Radiothérapie,,2026-01-29,,https://ansm.sante.fr/disponibilites-des-produits-de-sante/medicaments/endoxan-500-et-1000-mg-poudre-pour-solution-injectable-cyclophosphamide
"Quinimax 500 mg, comprimé pelliculé sécable – [inchonidine (monochlorhydrate de) monohydraté/cinchonine (chlorhydrate de) dihydraté/quinidine (chlorhydrate de) monohydraté/quinine (chlorhydrate de)]",Rupture de stock,Infectiologie,2026-04-03,2026-02-02,,https://ansm.sante.fr/disponibilites-des-produits-de-sante/medicaments/quinimax-500-mg-comprime-pellicule-secable-inchonidine-monochlorhydrate-de-monohydrate-cinchonine-chlorhydrate-de-dihydrate-quinidine-chlorhydrate-de-monohydrate-quinine-chlorhydrate-de
"Zinnat 125 mg/5 ml enfants et nourrissons, granulés pour suspension buvable en flacon – [céfuroxime axétil]",Remise à disposition,Infectiologie,2026-04-03,2026-04-03,2026-04-03,https://ansm.sante.fr/disponibilites-des-produits-de-sante/medicaments/zinnat-125-mg-5-ml-enfants-et-nourrissons-granules-pour-suspension-buvable-en-flacon-cefuroxime-axetil
"Octim 150 microgrammes/dose, solution pour pulvérisation nasale – [acétate de desmopressine trihydraté]",Remise à disposition,Hématologie,2026-04-02,2026-03-24,2026-03-24,https://ansm.sante.fr/disponibilites-des-produits-de-sante/medicaments/octim-150-microgrammes-dose-solution-pour-pulverisation-nasale-acetate-de-desmopressine-trihydrate
"Lantus Solostar 100 unités/ ml, solution injectable en stylo prérempli – [insuline glargine]",Tension d'approvisionnement,Endocrinologie,2026-04-02,2026-03-25,,https://ansm.sante.fr/disponibilites-des-produits-de-sante/medicaments/lantus-solostar-100-unites-ml-solution-injectable-en-stylo-prerempli-insuline-glargine
"Tolvaptan Biogaran 15 mg, comprimé + Tolvaptan Biogaran 45 mg, comprimé - [tolvaptan]",Remise à disposition,Néphrologie,2026-04-02,2026-03-17,2026-03-17,https://ansm.sante.fr/disponibilites-des-produits-de-sante/medicaments/tolvaptan-biogaran-15-mg-comprime-tolvaptan-biogaran-45-mg-comprime-tolvaptan
"Pulmocis 2 mg, trousse pour préparation radiopharmaceutique – [albumine humaine plasmatique (macroagrégats d')]",Remise à disposition,"Imagerie/Radiologie, Médecine nucléaire",2026-04-02,2026-03-31,2026-03-31,https://ansm.sante.fr/disponibilites-des-produits-de-sante/medicaments/pulmocis-2-mg-trousse-pour-preparation-radiopharmaceutique-albumine-humaine-plasmatique-macroagregats-d
"Toujeo 300 unités/ml SoloStar, solution injectable en stylo prérempli – [insuline glargine ((bactérie/Escherichia Coli))]",Tension d'approvisionnement,Endocrinologie,,2026-03-25,,https://ansm.sante.fr/disponibilites-des-produits-de-sante/medicaments/toujeo-300-unites-ml-solostar-solution-injectable-en-stylo-prerempli-insuline-glargine-bacterie-escherichia-coli
"Fivasa 400 mg, comprimé enrobé gastrorésistant – [mésalazine]",Tension d'approvisionnement,Hépato-gastroentérologie,2026-04-01,2025-11-26,,https://ansm.sante.fr/disponibilites-des-produits-de-sante/medicaments/fivasa-400-mg-comprime-enrobe-gastroresistant-mesalazine
"Gemcitabine Sun 10 mg/mL, solution pour perfusion en poche de 120 ml – [gemcitabine (chlorhydrate de)]",Rupture de stock,Oncologie/Radiothérapie,2026-04-01,2025-11-12,,https://ansm.sante.fr/disponibilites-des-produits-de-sante/medicaments/gemcitabine-sun-10-mg-ml-solution-pour-perfusion-en-poche-de-120-ml-gemcitabine-chlorhydrate-de
"Tolvaptan Teva 15 mg, comprimé + Tolvaptan Teva 45 mg, comprimé – [tolvaptan]",Remise à disposition,Néphrologie,2026-03-27,2026-03-19,2026-03-19,https://ansm.sante.fr/disponibilites-des-produits-de-sante/medicaments/tolvaptan-teva-15-mg-comprime-tolvaptan-teva-45-mg-comprime-tolvaptan
"Lénalidomide Mylan, gélule – [lénalidomide]",Remise à disposition,Oncologie/Radiothérapie,2026-03-26,2026-03-26,2026-03-26,https://ansm.sante.fr/disponibilites-des-produits-de-sante/medicaments/lenalidomide-mylan-gelule-lenalidomide
"Spécialités à base d'oxybate de sodium 500 mg/mL, solution buvable – [sodium (oxybate de)]",Remise à disposition,Neurologie,2026-03-26,2026-03-23,2026-03-23,https://ansm.sante.fr/disponibilites-des-produits-de-sante/medicaments/specialites-a-base-doxybate-de-sodium-500-mg-ml-solution-buvable-sodium-oxybate-de
"Rifamycine Chibret 1000 000 UI pour cent, collyre en solution – [rifamycine sodique]",Remise à disposition,Ophtalmologie,2026-03-25,2026-03-25,2026-03-25,https://ansm.sante.fr/disponibilites-des-produits-de-sante/medicaments/rifamycine-chibret-1000-000-ui-pour-cent-collyre-en-solution-rifamycine-sodique
"Fluoresceine Faure 0,5%, collyre en solution en récipient unidose – [fluorescéine sodique]",Tension d'approvisionnement,Ophtalmologie,2026-03-25,2025-10-20,,https://ansm.sante.fr/disponibilites-des-produits-de-sante/medicaments/fluoresceine-faure-0-5-collyre-en-solution-en-recipient-unidose-fluoresceine-sodique
"Un-Alfa 1 microgramme/0,5 ml, solution injectable IV en ampoule – [alfacalcidol]",Remise à disposition,"Endocrinologie, Néphrologie",2026-03-25,2026-03-24,2026-03-24,https://ansm.sante.fr/disponibilites-des-produits-de-sante/medicaments/un-alfa-1-microgramme-0-5-ml-solution-injectable-iv-en-ampoule-alfacalcidol
"Fébuxostat 80 mg, comprimé pelliculé – [fébuxostat hémihydraté]",Remise à disposition,Rhumatologie,2026-03-24,2026-03-16,2026-03-16,https://ansm.sante.fr/disponibilites-des-produits-de-sante/medicaments/febuxostat-80-mg-comprime-pellicule-febuxostat-hemihydrate
"Hexatrione 2 pour cent, suspension injectable (intra-articulaire) – [hexacetonide de triamcinolone]",Remise à disposition,Rhumatologie,2026-03-19,2026-03-16,2026-03-16,https://ansm.sante.fr/disponibilites-des-produits-de-sante/medicaments/hexatrione-2-pour-cent-suspension-injectable-intra-articulaire-hexacetonide-de-triamcinolone
"Xenpozyme 20 mg, poudre pour solution à diluer pour perfusion – [olipudase alfa]",Tension d'approvisionnement,Endocrinologie,2026-03-17,2025-09-30,,https://ansm.sante.fr/disponibilites-des-produits-de-sante/medicaments/xenpozyme-20-mg-poudre-pour-solution-a-diluer-pour-perfusion-olipudase-alfa
"Wilfactin 100 UI/mL, poudre et solvant pour solution injectable – [facteur Willebrand de coagulation humain]",Tension d'approvisionnement,Hématologie,2026-03-16,2025-04-04,,https://ansm.sante.fr/disponibilites-des-produits-de-sante/medicaments/wilfactin-100-ui-ml-poudre-et-solvant-pour-solution-injectable-facteur-willebrand-de-coagulation-humain
"Ritonavir Viatris 100 mg, comprimé pelliculé – [ritonavir]",Rupture de stock,Infectiologie,,2025-09-22,,https://ansm.sante.fr/disponibilites-des-produits-de-sante/medicaments/ritonavir-viatris-100-mg-comprime-pellicule-ritonavir
"Méthylprednisolone Viatris 500 mg, poudre pour solution injectable (IM-IV) – [méthylprednisolone (hydrogénosuccinate de)]",Tension d'approvisionnement,"Allergologie, Rhumatologie, Infectiologie",,2025-07-12,,https://ansm.sante.fr/disponibilites-des-produits-de-sante/medicaments/methylprednisolone-viatris-500-mg-poudre-pour-solution-injectable-im-iv-methylprednisolone-hydrogenosuccinate-de
"Soludactone 100 mg et 200 mg, lyophilisat et solution pour usage parentéral – [canrénoate de potassium / trométamol]",Arrêt de commercialisation,Cardiologie,2026-03-05,2023-11-01,,https://ansm.sante.fr/disponibilites-des-produits-de-sante/medicaments/soludactone-100-mg-et-200-mg-lyophilisat-et-solution-pour-usage-parenteral-canrenoate-de-potassium-trometamol
"Méthylprednisolone Viatris 40 mg, poudre pour solution injectable (IM-IV) – [méthylprednisolone (hydrogénosuccinate de)]",Tension d'approvisionnement,"Allergologie, ORL, Rhumatologie, Infectiologie, Neurologie",2026-03-05,2024-08-19,,https://ansm.sante.fr/disponibilites-des-produits-de-sante/medicaments/methylprednisolone-viatris-40-mg-poudre-pour-solution-injectable-im-iv-methylprednisolone-hydrogenosuccinate-de
"Methylprednisolone Viatris 120 mg, poudre pour solution injectable (IM-IV) – [méthylprednisolone (hydrogénosuccinate de)]",Tension d'approvisionnement,"Allergologie, ORL, Rhumatologie, Infectiologie, Neurologie",2026-03-05,2025-08-05,,https://ansm.sante.fr/disponibilites-des-produits-de-sante/medicaments/methylprednisolone-viatris-120-mg-poudre-pour-solution-injectable-im-iv-methylprednisolone-hydrogenosuccinate-de
"Pipéracilline Panpharma 4 g, poudre pour solution injectable (I.M., I.V.) – [pipéracilline sodique]",Tension d'approvisionnement,Infectiologie,2026-03-04,2025-08-13,,https://ansm.sante.fr/disponibilites-des-produits-de-sante/medicaments/piperacilline-panpharma-4-g-poudre-pour-solution-injectable-i-m-i-v-piperacilline-sodique
"Micropakine L.P. 750 mg, granulés à libération prolongée en sachet-dose – [acide valproïque, sodium (valproate de)]",Remise à disposition,Neurologie,,2026-02-27,2026-02-27,https://ansm.sante.fr/disponibilites-des-produits-de-sante/medicaments/micropakine-l-p-750-mg-granules-a-liberation-prolongee-en-sachet-dose-acide-valproique-sodium-valproate-de
"Plasmion, solution pour perfusion – [Gélatine fluide modifiée partiellement hydrolysée et succinylée]",Tension d'approvisionnement,Cardiologie,,2026-02-20,,https://ansm.sante.fr/disponibilites-des-produits-de-sante/medicaments/plasmion-solution-pour-perfusion-gelatine-fluide-modifiee-partiellement-hydrolysee-et-succinylee
"Hydrocortisone Substipharm 100 mg, lyophilisat (flacon) et solution pour usage parentéral – [hydrocortisone (hydrogénosuccinate d')]",Tension d'approvisionnement,Endocrinologie,,2024-04-11,,https://ansm.sante.fr/disponibilites-des-produits-de-sante/medicaments/hydrocortisone-substipharm-100-mg-lyophilisat-flacon-et-solution-pour-usage-parenteral-hydrocortisone-hydrogenosuccinate-d
"Minirin 2,5 μg/dose, solution pour pulvérisation nasale – [desmopressine]",Arrêt de commercialisation,Endocrinologie,,2026-05-31,,https://ansm.sante.fr/disponibilites-des-produits-de-sante/medicaments/minirin-2-5-mg-dose-solution-pour-pulverisation-nasale-desmopressine
"Gastrografine 370 mg d'iode/mL, solution buvable ou rectale – [amidotrizoate de sodium/méglumine (amidotrizoate de)]",Rupture de stock,"Imagerie/Radiologie, Médecine nucléaire",,2026-02-16,,https://ansm.sante.fr/disponibilites-des-produits-de-sante/medicaments/gastrografine-370-mg-diode-ml-solution-buvable-ou-rectale-amidotrizoate-de-sodium-meglumine-amidotrizoate-de
"Quinimax 125 mg, comprimé pelliculé sécable – [cinchonidine (monochlorhydrate de) monohydraté/cinchonine (chlorhydrate de) dihydraté/quinidine (chlorhydrate de) monohydraté/quinine (chlorhydrate de)]",Tension d'approvisionnement,Infectiologie,,2026-02-06,,https://ansm.sante.fr/disponibilites-des-produits-de-sante/medicaments/quinimax-125-mg-comprime-pellicule-secable-cinchonidine-monochlorhydrate-de-monohydrate-cinchonine-chlorhydrate-de-dihydrate-quinidine-chlorhydrate-de-monohydrate-quinine-chlorhydrate-de
Coli-genta AP-HP 27 mg – 50 mg gélule enfant – [colistine ; gentamicine],Rupture de stock,Infectiologie,,2025-11-30,,https://ansm.sante.fr/disponibilites-des-produits-de-sante/medicaments/coli-genta-ap-hp-27-mg-50-mg-gelule-enfant-colistine-gentamicine
"Fer AP-HP 2,5 mg nourrisson gélule – [fer (sous forme de sulfate ferreux heptahydraté)]",Rupture de stock,Hématologie,2026-02-17,2025-11-19,,https://ansm.sante.fr/disponibilites-des-produits-de-sante/medicaments/fer-ap-hp-2-5-mg-nourrisson-gelule-fer-sous-forme-de-sulfate-ferreux-heptahydrate
"Lepticur 10 mg, comprimé – [tropatépine (chlorhydrate de)]",Tension d'approvisionnement,Neurologie,2026-02-12,2026-01-12,,https://ansm.sante.fr/disponibilites-des-produits-de-sante/medicaments/lepticur-10-mg-comprime-tropatepine-chlorhydrate-de
"Farmorubicine 10 mg, poudre pour solution pour perfusion – [épirubicine (chlorhydrate d')]",Rupture de stock,Oncologie/Radiothérapie,2026-02-11,2025-03-14,,https://ansm.sante.fr/disponibilites-des-produits-de-sante/medicaments/farmorubicine-10-mg-poudre-pour-solution-pour-perfusion-epirubicine-chlorhydrate-d
"Nexpovio 20 mg, comprimé pelliculé – [sélinexor]",Remise à disposition,Oncologie/Radiothérapie,2026-02-10,2026-02-10,2026-02-10,https://ansm.sante.fr/disponibilites-des-produits-de-sante/medicaments/nexpovio-20-mg-comprime-pellicule-selinexor
"Trulicity 0,75 mg, 1,5 mg, 3 mg, 4,5 mg, solution injectable en stylo pré-rempli – [dulaglutide]",Remise à disposition,Endocrinologie,2026-02-02,2026-02-02,2026-02-02,https://ansm.sante.fr/disponibilites-des-produits-de-sante/medicaments/trulicity-0-75-mg-1-5-mg-3-mg-4-5-mg-solution-injectable-en-stylo-pre-rempli-dulaglutide
"Locametz 25 microgrammes, trousse pour préparation radiopharmaceutique – [gozétotide]",Remise à disposition,Imagerie/Radiologie,2026-02-02,2026-02-02,2026-02-02,https://ansm.sante.fr/disponibilites-des-produits-de-sante/medicaments/locametz-25-microgrammes-trousse-pour-preparation-radiopharmaceutique-gozetotide
"Vitamine A Dulcis 25 000 U.I. pour 100 g, pommade ophtalmique - (importation de Vitamine A Blache) – [concentrât de vitamine A synthétique, forme huileuse]",Arrêt de commercialisation,Ophtalmologie,2026-01-30,2025-06-30,,https://ansm.sante.fr/disponibilites-des-produits-de-sante/medicaments/vitamine-a-dulcis-25-000-u-i-pour-100-g-pommade-ophtalmique-concentrat-de-vitamine-a-synthetique-forme-huileuse
"Recarbrio 500 mg/500 mg/250 mg, poudre pour solution pour perfusion – [cilastatine sodique, imipénem monohydraté, rélébactam monohydraté]",Tension d'approvisionnement,Infectiologie,2026-01-27,2026-01-22,,https://ansm.sante.fr/disponibilites-des-produits-de-sante/medicaments/recarbrio-500-mg-500-mg-250-mg-poudre-pour-solution-pour-perfusion-cilastatine-sodique-imipenem-monohydrate-relebactam-monohydrate
"Tercian 50 mg/5 ml, solution injectable en ampoule – [cyamémazine]",Remise à disposition,Psychiatrie,2026-01-26,2026-01-26,2026-01-26,https://ansm.sante.fr/disponibilites-des-produits-de-sante/medicaments/tercian-50-mg-5-ml-solution-injectable-en-ampoule-cyamemazine
"Largactil 25 mg, comprimé pelliculé – [chlorpromazine (chlorhydrate de)]",Remise à disposition,Psychiatrie,2026-01-22,2026-01-22,2026-01-22,https://ansm.sante.fr/disponibilites-des-produits-de-sante/medicaments/largactil-25-mg-comprime-pellicule-chlorpromazine-chlorhydrate-de
"Champix 0,5 mg et 1 mg, comprimé pelliculé – [varénicline (tartrate de)]",Remise à disposition,Addictologie,2026-01-19,2026-01-12,2026-01-12,https://ansm.sante.fr/disponibilites-des-produits-de-sante/medicaments/champix-0-5-mg-et-1-mg-comprime-pellicule-varenicline-tartrate-de
"Laroscorbine 1 g/5 ml, solution injectable I.V. en ampoule – [acide ascorbique]",Remise à disposition,Hépato-gastroentérologie,2026-01-16,2026-01-16,2026-01-16,https://ansm.sante.fr/disponibilites-des-produits-de-sante/medicaments/laroscorbine-1-g-5-ml-solution-injectable-i-v-en-ampoule-acide-ascorbique
"Ioméron 250, 350 et 400 mg Iode/mL, solution injectable en 50-100-200 et 500 mL - [ioméprol]",Tension d'approvisionnement,Imagerie/Radiologie,2026-01-15,2024-03-18,,https://ansm.sante.fr/disponibilites-des-produits-de-sante/medicaments/iomeron-250-350-et-400-mg-iode-ml-solution-injectable-en-50-100-200-et-500-ml-iomeprol
"Boostrixtetra, suspension injectable en seringue préremplie. Vaccin diphtérique, tétanique, coquelucheux (acellulaire multicomposé) et poliomyélitique (inactivé), (adsorbé, à teneur réduite en antigènes)",Remise à disposition,Infectiologie,2026-01-15,2025-12-31,2025-12-31,https://ansm.sante.fr/disponibilites-des-produits-de-sante/medicaments/boostrixtetra-suspension-injectable-en-seringue-preremplie-vaccin-diphterique-tetanique-coquelucheux-acellulaire-multicompose-et-poliomyelitique-inactive-adsorbe-a-teneur-reduite-en-antigenes-1
"Baclofène Zentiva 10 mg, comprimé sécable – [baclofène]",Remise à disposition,Neurologie,2026-01-08,2026-01-08,2026-01-08,https://ansm.sante.fr/disponibilites-des-produits-de-sante/medicaments/baclofene-zentiva-10-mg-comprime-secable-baclofene
"Méthylphénidate Biogaran, comprimé à libération prolongée – [méthylphénidate (chlorhydrate de)]",Remise à disposition,"Psychiatrie, Neurologie",2026-01-07,2026-01-07,2026-01-07,https://ansm.sante.fr/disponibilites-des-produits-de-sante/medicaments/methylphenidate-biogaran-comprime-a-liberation-prolongee-methylphenidate-chlorhydrate-de
"Shingrix, poudre et suspension pour suspension injectable. Vaccin zona (recombinant, avec adjuvant) – [antigène glycoprotéine E du Virus Varicelle-Zona (VZV) (recombinant, avec adjuvant) ((mammifère/hamster/cellules CHO))]",Remise à disposition,Infectiologie,2026-01-07,2026-01-07,2026-01-07,https://ansm.sante.fr/disponibilites-des-produits-de-sante/medicaments/shingrix-poudre-et-suspension-pour-suspension-injectable-vaccin-zona-recombinant-avec-adjuvant-antigene-glycoproteine-e-du-virus-varicelle-zona-vzv-recombinant-avec-adjuvant-mammifere-hamster-cellules-cho
"Rispéridone L.P. 25 mg/2 ml, 37,5 mg/2 ml et 50 mg/2 ml, poudre et solvant pour suspension injectable à libération prolongée en seringue préremplie – [rispéridone]",Rupture de stock,Psychiatrie,2026-01-07,2025-05-12,,https://ansm.sante.fr/disponibilites-des-produits-de-sante/medicaments/risperidone-l-p-25-mg-2-ml-37-5-mg-2-ml-et-50-mg-2-ml-poudre-et-solvant-pour-suspension-injectable-a-liberation-prolongee-en-seringue-preremplie-risperidone
"RisperdalConsta L.P. 25 mg/2 ml, 37,5 mg/2ml et 50 mg/2 ml poudre et solvant pour suspension injectable à libération prolongée en seringue préremplie – [rispéridone]",Remise à disposition,Psychiatrie,2026-01-07,2025-12-29,2025-12-29,https://ansm.sante.fr/disponibilites-des-produits-de-sante/medicaments/risperdalconsta-l-p-25-mg-2-ml-37-5-mg-2ml-et-50-mg-2-ml-poudre-et-solvant-pour-suspension-injectable-a-liberation-prolongee-en-seringue-preremplie-risperidone
"Atropine 0,3%, collyre – [atropine (sulfate)]",Arrêt de commercialisation,Ophtalmologie,2026-01-06,2025-12-29,,https://ansm.sante.fr/disponibilites-des-produits-de-sante/medicaments/atropine-0-3-collyre-atropine-sulfate
"Colofoam, mousse rectale – [acétate d'hydrocortisone]",Rupture de stock,Hépato-gastroentérologie,2025-12-22,2024-02-29,,https://ansm.sante.fr/disponibilites-des-produits-de-sante/medicaments/colofoam-mousse-rectale-acetate-dhydrocortisone
"Tolvaptan Biogaran 30 mg, comprimé + Tolvaptan Biogaran 60 mg, comprimé – [tolvaptan]",Remise à disposition,Néphrologie,2025-12-22,2025-12-22,2025-12-22,https://ansm.sante.fr/disponibilites-des-produits-de-sante/medicaments/tolvaptan-biogaran-30-mg-comprime-tolvaptan-biogaran-60-mg-comprime-tolvaptan
"Tildiem 25 mg, poudre et solution pour préparation injectable I.V. – [diltiazem (chlorhydrate de)]",Tension d'approvisionnement,Cardiologie,2025-12-17,2025-10-21,,https://ansm.sante.fr/disponibilites-des-produits-de-sante/medicaments/tildiem-25-mg-poudre-et-solution-pour-preparation-injectable-i-v-diltiazem-chlorhydrate-de
"Fungizone 10 %, suspension buvable – [amphotéricine B]",Remise à disposition,Infectiologie,2025-12-15,2025-12-15,2025-12-15,https://ansm.sante.fr/disponibilites-des-produits-de-sante/medicaments/fungizone-10-suspension-buvable-amphotericine-b
"Venlafaxine Viatris 50 mg, comprimé pelliculé – [venlafaxine]",Remise à disposition,Psychiatrie,2025-12-15,2025-12-15,2025-12-15,https://ansm.sante.fr/disponibilites-des-produits-de-sante/medicaments/venlafaxine-viatris-50-mg-comprime-pellicule-venlafaxine
"Danatrol 200 mg, gélule – [danazol]",Remise à disposition,"Dermatologie, Gynécologie",2025-12-12,2025-12-12,2025-12-12,https://ansm.sante.fr/disponibilites-des-produits-de-sante/medicaments/danatrol-200-mg-gelule-danazol
Immunoglobuline humaine normale IV et SC (à base de) – [Immunoglobuline humaine normale (IgG)],Tension d'approvisionnement,Immunologie,2025-12-08,2021-04-01,,https://ansm.sante.fr/disponibilites-des-produits-de-sante/medicaments/immunoglobuline-humaine-normale-iv-et-sc-a-base-de-immunoglobuline-humaine-normale-igg
"Cufence 200 mg, gélule – [trientine (dichlorhydrate de)]",Tension d'approvisionnement,Hépato-gastroentérologie,,2025-11-24,,https://ansm.sante.fr/disponibilites-des-produits-de-sante/medicaments/cufence-200-mg-gelule-trientine-dichlorhydrate-de
"Néosynéphrine 10 % Faure, collyre en solution – [phényléphrine]",Tension d'approvisionnement,Ophtalmologie,,2025-11-12,,https://ansm.sante.fr/disponibilites-des-produits-de-sante/medicaments/neosynephrine-10-faure-collyre-en-solution-phenylephrine
"Néosynéphrine 5 % Faure, collyre en solution – [phényléphrine]",Tension d'approvisionnement,Ophtalmologie,,2025-11-12,,https://ansm.sante.fr/disponibilites-des-produits-de-sante/medicaments/neosynephrine-5-faure-collyre-en-solution-phenylephrine
"Colchimax, comprimé pelliculé sécable – [colchicine, opium (poudre d'), tiémonium (métilsulfate de)]",Tension d'approvisionnement,"Néphrologie, Rhumatologie, Cardiologie",2025-11-18,2024-11-25,,https://ansm.sante.fr/disponibilites-des-produits-de-sante/medicaments/colchimax-comprime-pellicule-secable-colchicine-opium-poudre-d-tiemonium-metilsulfate-de
"Tildiem 100 mg, poudre pour solution injectable (IV) – [diltiazem (chlorhydrate de)]",Arrêt de commercialisation,Cardiologie,2025-11-07,2025-09-30,,https://ansm.sante.fr/disponibilites-des-produits-de-sante/medicaments/tildiem-100-mg-poudre-pour-solution-injectable-iv-diltiazem-chlorhydrate-de
"Pentasa 1 g et 2 g, granulés en sachet et Pentasa 1 g, suppositoire – [mésalazine]",Tension d'approvisionnement,Hépato-gastroentérologie,,2025-10-30,,https://ansm.sante.fr/disponibilites-des-produits-de-sante/medicaments/pentasa-1-g-et-2-g-granules-en-sachet-et-pentasa-1-g-suppositoire-mesalazine
"Cuivre 6 mg / 1 mL – Histidine 117,20 mg / 3 mL AP-HP, solution injectable, code CIPH 77772737",Remise à disposition,"Endocrinologie, Hépato-gastroentérologie, Néphrologie",2025-10-31,2025-10-31,2025-10-31,https://ansm.sante.fr/disponibilites-des-produits-de-sante/medicaments/cuivre-6-mg-1-ml-histidine-117-20-mg-3-ml-ap-hp-solution-injectable-code-ciph-77772737
"Tobi Podhaler 28 mg, poudre pour inhalation en gélule – [tobramycine]",Tension d'approvisionnement,Infectiologie,2025-10-30,2025-07-08,,https://ansm.sante.fr/disponibilites-des-produits-de-sante/medicaments/tobi-podhaler-28-mg-poudre-pour-inhalation-en-gelule-tobramycine
"Gamme NeoRecormon, solution injectable en seringue préremplie – [époétine béta]",Tension d'approvisionnement,"Hématologie, Néphrologie, Oncologie/Radiothérapie",2025-10-28,2025-05-01,,https://ansm.sante.fr/disponibilites-des-produits-de-sante/medicaments/gamme-neorecormon-solution-injectable-en-seringue-preremplie-epoetine-beta
"Eurobiol 40 000 U, gélule gastro-résistante – [poudre de pancréas]",Tension d'approvisionnement,Hépato-gastroentérologie,2025-10-08,2023-10-13,,https://ansm.sante.fr/disponibilites-des-produits-de-sante/medicaments/eurobiol-40-000-u-gelule-gastro-resistante-poudre-de-pancreas
"Lasilix Retard 60 mg, gélule – [furosémide]",Arrêt de commercialisation,Cardiologie,2025-10-06,2025-09-30,,https://ansm.sante.fr/disponibilites-des-produits-de-sante/medicaments/lasilix-retard-60-mg-gelule-furosemide
"Pegasys 90 microgrammes, 135 microgrammes et 180 microgrammes solution injectable en seringue préremplie – [peginterféron alfa-2a]",Remise à disposition,Infectiologie,2025-10-06,2025-10-06,2025-10-06,https://ansm.sante.fr/disponibilites-des-produits-de-sante/medicaments/pegasys-90-microgrammes-135-microgrammes-et-180-microgrammes-solution-injectable-en-seringue-preremplie-peginterferon-alfa-2a
"Vitamine B12 Gerda 1000 µg/4 ml, solution injectable (IM) et buvable – [cyanocobalamine]",Tension d'approvisionnement,Hépato-gastroentérologie,2025-09-12,2024-07-03,,https://ansm.sante.fr/disponibilites-des-produits-de-sante/medicaments/vitamine-b12-gerda-1000-ug-4-ml-solution-injectable-im-et-buvable-cyanocobalamine
"Myozyme 50 mg, poudre pour solution à diluer pour perfusion – [alglucosidase alfa ((mammifère/hamster/cellules cho))]",Tension d'approvisionnement,Neurologie,2025-09-09,2025-08-13,,https://ansm.sante.fr/disponibilites-des-produits-de-sante/medicaments/myozyme-50-mg-poudre-pour-solution-a-diluer-pour-perfusion-alglucosidase-alfa
"Granupas 4 g, granulés gastro-résistants – [aminosalicylique (acide)]",Rupture de stock,Infectiologie,2025-08-22,2023-07-20,,https://ansm.sante.fr/disponibilites-des-produits-de-sante/medicaments/granupas-4-g-granules-gastro-resistants-aminosalicylique-acide
"Méthylprednisolone Viatris 20 mg, poudre pour solution injectable (IM-IV) – [méthylprednisolone (hydrogénosuccinate de)]",Rupture de stock,"Allergologie, ORL, Infectiologie, Neurologie",2025-08-13,2025-02-03,,https://ansm.sante.fr/disponibilites-des-produits-de-sante/medicaments/methylprednisolone-viatris-20-mg-poudre-pour-solution-injectable-im-iv-methylprednisolone-hydrogenosuccinate-de
"Ludiomil 25 et 75 mg, comprimé pelliculé – [maprotiline (chlorhydrate de)]",Rupture de stock,Psychiatrie,2025-07-31,2025-03-28,,https://ansm.sante.fr/disponibilites-des-produits-de-sante/medicaments/ludiomil-25-et-75-mg-comprime-pellicule-maprotiline-chlorhydrate-de
"Lactate de sodium AP-HP 11,2 % (m/V) solution pour perfusion – [lactate de sodium]",Remise à disposition,Anesthésie/Réanimation/Soins intensifs,2025-07-25,2025-07-25,2025-07-25,https://ansm.sante.fr/disponibilites-des-produits-de-sante/medicaments/lactate-de-sodium-ap-hp-11-2-m-v-solution-pour-perfusion-lactate-de-sodium
"Fluorouracile Teva 5000 mg/100 mL, solution à diluer pour perfusion, flacon de 100 ml – [fluorouracile]",Arrêt de commercialisation,Oncologie/Radiothérapie,2025-07-18,2025-06-03,2025-06-03,https://ansm.sante.fr/disponibilites-des-produits-de-sante/medicaments/fluorouracile-teva-5000-mg-100-ml-solution-a-diluer-pour-perfusion-flacon-de-100-ml-fluorouracile
"Folinate de calcium 10 mg/ml, solution injectable/pour perfusion - [Folinate et lévofolinate de calcium]",Tension d'approvisionnement,Oncologie/Radiothérapie,2025-07-17,2022-08-08,,https://ansm.sante.fr/disponibilites-des-produits-de-sante/medicaments/folinate-de-calcium-10-mg-ml-solution-injectable-pour-perfusion-folinate-et-levofolinate-de-calcium
"Calciparine sous-cutanée 12 500 UI/0,5 ml, solution injectable – [héparine calcique]",Tension d'approvisionnement,Cardiologie,,2025-07-11,,https://ansm.sante.fr/disponibilites-des-produits-de-sante/medicaments/calciparine-sous-cutanee-12-500-ui-0-5-ml-solution-injectable-heparine-calcique
"Ozalin 2 mg/mL, solution buvable en récipient unidose – [midazolam]",Remise à disposition,Anesthésie/Réanimation/Soins intensifs,2025-07-07,2026-07-07,2026-07-07,https://ansm.sante.fr/disponibilites-des-produits-de-sante/medicaments/ozalin-2-mg-ml-solution-buvable-en-recipient-unidose-midazolam
"Vitamine A Provepharm 100 000 U.I./2 ml, solution injectable (I.M.) – [palmitate de rétinol]",Tension d'approvisionnement,Hépato-gastroentérologie,,2025-07-03,,https://ansm.sante.fr/disponibilites-des-produits-de-sante/medicaments/vitamine-a-provepharm-100-000-u-i-2-ml-solution-injectable-i-m-palmitate-de-retinol
"Paliperidone Biogaran, suspension injectable à libération prolongée en seringue préremplie - [palipéridone]",Rupture de stock,Psychiatrie,2025-06-19,2024-06-21,,https://ansm.sante.fr/disponibilites-des-produits-de-sante/medicaments/paliperidone-biogaran-suspension-injectable-a-liberation-prolongee-en-seringue-preremplie-paliperidone
"Kanokad 25 UI/mL de facteur IX, poudre et solvant pour solution injectable – Flacon de 250 UI (10 ml) et de 500 UI (20 ml)",Rupture de stock,Hématologie,2025-06-17,2023-11-27,,https://ansm.sante.fr/disponibilites-des-produits-de-sante/medicaments/kanokad-25-ui-ml-de-facteur-ix-poudre-et-solvant-pour-solution-injectable-flacon-de-250-ui-10-ml-et-de-500-ui-20-ml
"Quetiapine LP (Xeroquel LP) 50 mg, 300 mg et 400 mg comprimé à libération prolongée – [quétiapine (fumarate de)]",Tension d'approvisionnement,Psychiatrie,2025-05-27,2024-09-16,,https://ansm.sante.fr/disponibilites-des-produits-de-sante/medicaments/quetiapine-lp-xeroquel-lp-50-mg-300-mg-et-400-mg-comprime-a-liberation-prolongee-quetiapine-fumarate-de
"Palipéridone Teva, suspension injectable à libération prolongée – [palipéridone]",Tension d'approvisionnement,Psychiatrie,2025-05-23,2024-07-23,,https://ansm.sante.fr/disponibilites-des-produits-de-sante/medicaments/paliperidone-teva-suspension-injectable-a-liberation-prolongee-paliperidone
"Baqsimi 3 mg, poudre nasale en récipient unidose – [glucagon]",Tension d'approvisionnement,Endocrinologie,2025-05-09,2022-04-11,,https://ansm.sante.fr/disponibilites-des-produits-de-sante/medicaments/baqsimi-3-mg-poudre-nasale-en-recipient-unidose-glucagon
"Sectral LP 500 mg, comprimé pelliculé à libération prolongée – [acébutolol (chlorhydrate d')]",Rupture de stock,Cardiologie,,2025-04-04,,https://ansm.sante.fr/disponibilites-des-produits-de-sante/medicaments/sectral-lp-500-mg-comprime-pellicule-a-liberation-prolongee-acebutolol-chlorhydrate-d
"Clopidogrel 75 mg, comprimé pelliculé – [clopidogrel (hydrogénosulfate de)]",Tension d'approvisionnement,Cardiologie,,2024-09-12,,https://ansm.sante.fr/disponibilites-des-produits-de-sante/medicaments/clopidogrel-75-mg-comprime-pellicule-clopidogrel-hydrogenosulfate-de
"Virophta, préparation pour collyre (lyophilisat et solvant) – [trifluridine]",Tension d'approvisionnement,Infectiologie,2025-03-17,2024-11-05,,https://ansm.sante.fr/disponibilites-des-produits-de-sante/medicaments/virophta-preparation-pour-collyre-lyophilisat-et-solvant-trifluridine
"Celsior, solution pour conservation d’organes - [acide glutamique, calcium (chlorure de) dihydraté, glutathion, histidine, lactobionique (acide), magnésium (chlorure de) hexahydraté, mannitol, potassium (chlorure de), sodium (hydroxyde de)]",Rupture de stock,"Néphrologie, Pneumologie, Cardiologie",2025-03-13,2025-02-06,,https://ansm.sante.fr/disponibilites-des-produits-de-sante/medicaments/celsior-solution-pour-conservation-dorganes-acide-glutamique-calcium-chlorure-de-dihydrate-glutathion-histidine-lactobionique-acide-magnesium-chlorure-de-hexahydrate-mannitol-potassium-chlorure-de-sodium-hydroxyde-de
"Xeplion, suspension injectable à libération prolongée – [palipéridone]",Tension d'approvisionnement,Psychiatrie,2025-03-05,2024-07-18,,https://ansm.sante.fr/disponibilites-des-produits-de-sante/medicaments/xeplion-suspension-injectable-a-liberation-prolongee-paliperidone
"Héparine calcique 25 000 UI/mL, solution injectable en seringue pré-remplie (S.C.) de 0,2 mL et 0,3 ml, Calciparine 5 000 UI/0,2 ml et 7 500 UI/0,3 ml, solution injectable en seringue pré-remplie (S.C.) – [héparine calcique]",Tension d'approvisionnement,Cardiologie,2025-02-12,2024-04-22,,https://ansm.sante.fr/disponibilites-des-produits-de-sante/medicaments/heparine-calcique-25-000-ui-ml-solution-injectable-en-seringue-pre-remplie-s-c-de-0-2-ml-et-0-3-ml-calciparine-5-000-ui-0-2-ml-et-7-500-ui-0-3-ml-solution-injectable-en-seringue-pre-remplie-s-c-heparine-calcique
"Iobenguane (¹³¹I) pour thérapie CIS bio international 370 MBq/mL, solution pour perfusion – [Iobenguane (¹³¹I)]",Arrêt de commercialisation,Oncologie/Radiothérapie,2025-01-28,2020-10-20,,https://ansm.sante.fr/disponibilites-des-produits-de-sante/medicaments/iobenguane-131i-pour-therapie-cis-bio-international-370-mbq-ml-solution-pour-perfusion-iobenguane-131i
"Amikacine Viatris 250 mg, 500 mg et 1g, poudre pour solution injectable en flacon – [amikacine (sulfate d')]",Tension d'approvisionnement,Infectiologie,2025-01-15,2024-03-22,,https://ansm.sante.fr/disponibilites-des-produits-de-sante/medicaments/amikacine-viatris-250-mg-500-mg-et-1g-poudre-pour-solution-injectable-en-flacon-amikacine-sulfate-d
"Pomalidomide Viatris 1, 2, 3 et 4 mg, gélule – [pomalidomide]",Rupture de stock,Oncologie/Radiothérapie,2025-01-14,2024-12-20,,https://ansm.sante.fr/disponibilites-des-produits-de-sante/medicaments/pomalidomide-viatris-1-2-3-et-4-mg-gelule-pomalidomide
"Lutrelef 3,2 mg, poudre et solvant pour solution injectable – [gonadoréline (acétate de)]",Tension d'approvisionnement,Gynécologie,2024-12-18,2024-12-13,,https://ansm.sante.fr/disponibilites-des-produits-de-sante/medicaments/lutrelef-3-2-mg-poudre-et-solvant-pour-solution-injectable-gonadoreline-acetate-de
"Cinacalcet 30 mg, 60 mg et 90 mg comprimé pelliculé – [cinacalcet (chlorhydrate de)]",Tension d'approvisionnement,Endocrinologie,2024-12-06,2022-08-17,,https://ansm.sante.fr/disponibilites-des-produits-de-sante/medicaments/cinacalcet-30-mg-60-mg-et-90-mg-comprime-pellicule-cinacalcet-chlorhydrate-de
"Spécialités à base d'aprépitant 125 mg, 80 mg et 125 mg/80 mg gélules – [aprépitant]",Tension d'approvisionnement,Hépato-gastroentérologie,2024-12-04,2024-11-02,,https://ansm.sante.fr/disponibilites-des-produits-de-sante/medicaments/specialites-a-base-daprepitant-125-mg-80-mg-et-125-mg-80-mg-gelules-aprepitant
"Praluent 75 mg, 150 mg et 300 mg, solution injectable en stylo pré-rempli – [alirocumab (mammifere/hamster/cellules cho)]",Tension d'approvisionnement,"Endocrinologie, Cardiologie",2024-12-03,2024-07-03,,https://ansm.sante.fr/disponibilites-des-produits-de-sante/medicaments/praluent-75-mg-150-mg-et-300-mg-solution-injectable-en-stylo-pre-rempli-alirocumab-mammifere-hamster-cellules-cho
"Méthotrexate Accord 100 mg/mL, solution à diluer pour perfusion (flacon de 10 ml) – [méthotrexate]",Rupture de stock,Oncologie/Radiothérapie,2024-11-28,2023-01-12,,https://ansm.sante.fr/disponibilites-des-produits-de-sante/medicaments/methotrexate-accord-100-mg-ml-solution-a-diluer-pour-perfusion-flacon-de-10-ml-methotrexate
"Marsilid 50 mg, comprimé sécable – [iproniazide]",Rupture de stock,Psychiatrie,2024-11-07,2023-11-15,,https://ansm.sante.fr/disponibilites-des-produits-de-sante/medicaments/marsilid-50-mg-comprime-secable-iproniazide
"Furosémide Zentiva 500 mg, comprimé sécable – [furosémide]",Tension d'approvisionnement,Néphrologie,2024-11-04,2024-10-22,,https://ansm.sante.fr/disponibilites-des-produits-de-sante/medicaments/furosemide-zentiva-500-mg-comprime-secable-furosemide
"Ribarivine Biogaran 200 mg/400 mg, comprimé pelliculé – [Ribavirine]",Arrêt de commercialisation,Hépato-gastroentérologie,2024-10-31,2021-04-01,,https://ansm.sante.fr/disponibilites-des-produits-de-sante/medicaments/ribarivine-biogaran-200-mg-400-mg-comprime-pellicule-ribavirine
"Atropine 1%, collyre – [atropine (sulfate)]",Tension d'approvisionnement,Ophtalmologie,2024-10-16,2024-09-22,,https://ansm.sante.fr/disponibilites-des-produits-de-sante/medicaments/atropine-1-collyre-atropine-sulfate
"Ropinirole LP 2 mg, 4 mg et 8 mg comprimé pelliculé – [ropinirole (chlorhydrate de)]",Tension d'approvisionnement,Neurologie,2024-10-01,2024-09-25,,https://ansm.sante.fr/disponibilites-des-produits-de-sante/medicaments/ropinirole-lp-2-mg-4-mg-et-8-mg-comprime-pellicule-ropinirole-chlorhydrate-de
"Ancotil 1 pour cent, solution pour perfusion – [Flucytosine]",Arrêt de commercialisation,"Dermatologie, Infectiologie",2024-09-18,2022-05-31,,https://ansm.sante.fr/disponibilites-des-produits-de-sante/medicaments/ancotil-1-pour-cent-solution-pour-perfusion-flucytosine
"Atropine 0,5%, collyre – [atropine (sulfate)]",Tension d'approvisionnement,Ophtalmologie,2024-07-18,2024-06-28,,https://ansm.sante.fr/disponibilites-des-produits-de-sante/medicaments/atropine-0-5-collyre-atropine-sulfate
"Eldisine 5 mg, poudre pour solution injectable – [sulfate de vindésine]",Rupture de stock,"Hématologie, Oncologie/Radiothérapie",2024-06-19,2023-10-27,,https://ansm.sante.fr/disponibilites-des-produits-de-sante/medicaments/eldisine-5-mg-poudre-pour-solution-injectable-sulfate-de-vindesine
Malocide 50 mg comprimé pelliculé – [pyriméthamine],Rupture de stock,Infectiologie,2024-06-04,2023-10-27,,https://ansm.sante.fr/disponibilites-des-produits-de-sante/medicaments/malocide-50-mg-comprime-pellicule-pyrimethamine
"Cidermex, pommade ophtalmique – [néomycine (sulfate de), triamcinolone (acétonide de)]",Tension d'approvisionnement,Ophtalmologie,2024-05-24,2024-05-22,,https://ansm.sante.fr/disponibilites-des-produits-de-sante/medicaments/cidermex-pommade-ophtalmique-neomycine-sulfate-de-triamcinolone-acetonide-de
"Creon 35 000 U, gélule gastrorésistante|– [pancréatine]",Tension d'approvisionnement,Hépato-gastroentérologie,2024-03-20,2024-03-13,,https://ansm.sante.fr/disponibilites-des-produits-de-sante/medicaments/creon-35-000-u-gelule-gastroresistante-pancreatine
"Creon 5 000 U, granulés gastro-résistants|– [pancréatine]",Tension d'approvisionnement,Hépato-gastroentérologie,2024-03-12,2024-03-08,,https://ansm.sante.fr/disponibilites-des-produits-de-sante/medicaments/creon-5-000-u-granules-gastro-resistants-pancreatine
"Creon 10 000 U, gélule gastrorésistante|– [pancréatine]",Tension d'approvisionnement,Hépato-gastroentérologie,2024-01-11,2023-10-05,,https://ansm.sante.fr/disponibilites-des-produits-de-sante/medicaments/creon-10-000-u-gelule-gastroresistante-pancreatine
"Creon 25 000 U, gélule gastrorésistante|– [pancréatine]",Tension d'approvisionnement,Hépato-gastroentérologie,2024-01-11,2023-09-01,,https://ansm.sante.fr/disponibilites-des-produits-de-sante/medicaments/creon-25-000-u-gelule-gastroresistante-pancreatine
"Skiacol 0,5 pour cent, collyre|– [cyclopentolate (chlorhydrate de)]",Tension d'approvisionnement,Ophtalmologie,2023-11-07,2023-10-06,,https://ansm.sante.fr/disponibilites-des-produits-de-sante/medicaments/skiacol-0-5-pour-cent-collyre-cyclopentolate-chlorhydrate-de
"Acadione 250 mg, comprimé dragéifié|– [tiopronine]",Arrêt de commercialisation,Rhumatologie,2023-10-25,2017-06-01,,https://ansm.sante.fr/disponibilites-des-produits-de-sante/medicaments/acadione-250-mg-comprime-drageifie-tiopronine
"Spécialités à base de roxithromycine 150 mg, comprimé pelliculé|– [roxithromycine]",Tension d'approvisionnement,Infectiologie,2023-07-17,2022-11-23,,https://ansm.sante.fr/disponibilites-des-produits-de-sante/medicaments/specialites-a-base-de-roxithromycine-150-mg-comprime-pellicule-roxithromycine
"Kayexalate, poudre pour suspension orale et rectale|– [sodium (polystyrène sulfonate de)]",Tension d'approvisionnement,"Néphrologie, Urologie",2023-05-17,2023-04-10,,https://ansm.sante.fr/disponibilites-des-produits-de-sante/medicaments/kayexalate-poudre-pour-suspension-orale-et-rectale-sodium-polystyrene-sulfonate-de
Montélukast comprimé 5 mg et 10 mg|– [montélukast sodique],Tension d'approvisionnement,"Dermatologie, Endocrinologie, Infectiologie",2023-02-01,2022-06-24,,https://ansm.sante.fr/disponibilites-des-produits-de-sante/medicaments/montelukast-comprime-5-mg-et-10-mg-montelukast-sodique
"Alprostadil Intsel Chimos 0,5 mg/ml, solution injectable|– [Alprostadil]",Rupture de stock,Cardiologie,2022-11-23,2022-06-01,,https://ansm.sante.fr/disponibilites-des-produits-de-sante/medicaments/alprostadil-intsel-chimos-0-5-mg-ml-solution-injectable-alprostadil
"Alyostal venin de guêpe polistes 110 microgrammes et 550 microgrammes, poudre et solvant pour solution injectable |- [Guêpe Polistes (venin de)]",Rupture de stock,Immunologie,2022-11-04,2018-03-26,,https://ansm.sante.fr/disponibilites-des-produits-de-sante/medicaments/alyostal-venin-de-guepe-polistes-110-microgrammes-et-550-microgrammes-poudre-et-solvant-pour-solution-injectable-guepe-polistes-venin-de
"Actosolv 100 000 UI et 600 000 UI, poudre pour solution injectable / pour perfusion| - [Urokinase]",Rupture de stock,Cardiologie,2022-08-09,2021-11-30,,https://ansm.sante.fr/disponibilites-des-produits-de-sante/medicaments/actosolv-100-000-ui-et-600-000-ui-poudre-pour-solution-injectable-pour-perfusion-urokinase
"SEMAP 20 mg|, comprimé",Rupture de stock,Psychiatrie,2021-05-19,2013-06-14,,https://ansm.sante.fr/disponibilites-des-produits-de-sante/medicaments/semap-20-mg-comprime
